block-v1:DelftX+Calc001x+2T2016+type@problem+block@1e49bac894a8435d9f8fdf300d536284,1.8 Training sequence,1.0,
block-v1:DelftX+Calc001x+2T2016+type@problem+block@5bbe2e7042104dc6bf127a0b09772b4f,2.8 Homework,1.0,2016-09-29 23:30:00
block-v1:DelftX+Calc001x+2T2016+type@problem+block@33af66f667334099befd550ea6fe2965,3.2 Equations involving polynomials,1.0,2016-09-29 23:30:00
block-v1:DelftX+Calc001x+2T2016+type@problem+block@ff8929b6dc924c8fb7a2a73d34216f06,5.7 Training sequence,1.0,
block-v1:DelftX+Calc001x+2T2016+type@problem+block@86a79f95de204e35a6d7ff45d2643066,6.7 Extra material: further applications,0.0,
block-v1:DelftX+Calc001x+2T2016+type@problem+block@4fbbf76e41894026a30f8330bc3d43b4,1.10 Homework,1.0,2016-09-29 23:30:00
block-v1:DelftX+Calc001x+2T2016+type@problem+block@2e60bc1f9c394b5cab08892bd846424e,4.6 Training sequence,1.0,
block-v1:DelftX+Calc001x+2T2016+type@problem+block@9989ecd162e6443aaac0e6a33bdeadb9,"1.6 Domain, codomain and range",1.0,2016-09-29 23:30:00
block-v1:DelftX+Calc001x+2T2016+type@problem+block@23be603284474d4aa11db322a623ffe7,Exam,2.0,2016-09-29 23:30:00
block-v1:DelftX+Calc001x+2T2016+type@problem+block@705cec28367146cda4d4b048f0ba72b8,3.7 Homework,2.0,2016-09-29 23:30:00
block-v1:DelftX+Calc001x+2T2016+type@problem+block@21135af3400446958a77f10dc8015697,4.5 Systems of equations,1.0,2016-09-29 23:30:00
block-v1:DelftX+Calc001x+2T2016+type@problem+block@3247cf8869e54c3a907e9d8110bc529f,3.4 Overview of strategies,0.0,2016-09-29 23:30:00
block-v1:DelftX+Calc001x+2T2016+type@problem+block@f51930859b5946b195d4c503892f67ce,6.4 Calculating integrals,1.0,2016-09-29 23:30:00
block-v1:DelftX+Calc001x+2T2016+type@problem+block@eec30367f2ab4a20aaf74c3675a20dc4,5.7 Training sequence,1.0,
block-v1:DelftX+Calc001x+2T2016+type@problem+block@0fe6ecce670e4cf394afc0a664ebf128,1.10 Homework,4.0,2016-09-29 23:30:00
block-v1:DelftX+Calc001x+2T2016+type@problem+block@3815bffbd9bf4ad393ad0f91f0284b5d,4.8 Homework,2.0,2016-09-29 23:30:00
block-v1:DelftX+Calc001x+2T2016+type@problem+block@3a97b1ac00614572985f0f7691673d5d,2.5 Inverses and logarithms,1.0,2016-09-29 23:30:00
block-v1:DelftX+Calc001x+2T2016+type@problem+block@90672a5a0f214751a111175301abf8c3,4.8 Homework,2.0,2016-09-29 23:30:00
block-v1:DelftX+Calc001x+2T2016+type@problem+block@ba92a7621f464585ab727eba11776323,3.7 Homework,2.0,2016-09-29 23:30:00
block-v1:DelftX+Calc001x+2T2016+type@problem+block@17c133ea4d6446f3985b35c0b02e6700,2.3 Compositions,1.0,2016-09-29 23:30:00
block-v1:DelftX+Calc001x+2T2016+type@problem+block@35d1332de61d4a4191c333ac754c9276,2.2 Trigonometric functions,1.0,2016-09-29 23:30:00
block-v1:DelftX+Calc001x+2T2016+type@problem+block@dfb7988742524005adb8399eeb693afc,2.3 Compositions,1.0,2016-09-29 23:30:00
block-v1:DelftX+Calc001x+2T2016+type@problem+block@208be59cc33145d287f64d6e23fbf872,5.7 Training sequence,1.0,
block-v1:DelftX+Calc001x+2T2016+type@problem+block@eca7aeaff7ea48658d92aa97dbbbb834,3.7 Homework,2.0,2016-09-29 23:30:00
block-v1:DelftX+Calc001x+2T2016+type@problem+block@b3a76e5cb0dc46f39e7c080dd5228c9b,2.5 Inverses and logarithms,1.0,2016-09-29 23:30:00
block-v1:DelftX+Calc001x+2T2016+type@problem+block@a9c899a9c0a8459bb19bb5efb5389834,2.6 Training sequence,1.0,
block-v1:DelftX+Calc001x+2T2016+type@problem+block@0031b68155d9429ca48ecc88f2607d39,6.5 Advanced integration techniques,1.0,2016-09-29 12:00:00
block-v1:DelftX+Calc001x+2T2016+type@problem+block@1691e922ee6442928a19324905a99c41,4.6 Training sequence,1.0,
block-v1:DelftX+Calc001x+2T2016+type@problem+block@f4beffd8cc7347a4a030fe1b22d8a818,4.8 Homework,2.0,2016-09-29 23:30:00
block-v1:DelftX+Calc001x+2T2016+type@problem+block@df10032890e84932b743edc29544b158,Exam,1.0,2016-09-29 23:30:00
block-v1:DelftX+Calc001x+2T2016+type@problem+block@ff71df0889884359916c8c6de8e31aa4,2.8 Homework,2.0,2016-09-29 23:30:00
block-v1:DelftX+Calc001x+2T2016+type@problem+block@2ba70804e2e143759b5ee45dc0d3b716,1.2 Functions in general,1.0,2016-09-29 23:30:00
block-v1:DelftX+Calc001x+2T2016+type@problem+block@58f6849b3ee54cbe9126ea588fbd6c0e,3.7 Homework,2.0,2016-09-29 23:30:00
block-v1:DelftX+Calc001x+2T2016+type@problem+block@54357f70ace64ec58fdc94df0b64f28e,1.10 Homework,4.0,2016-09-29 23:30:00
block-v1:DelftX+Calc001x+2T2016+type@problem+block@8786b6f66eec432ea8c23ba28cdd06e2,5.4 Tangent lines,1.0,2016-09-29 23:30:00
block-v1:DelftX+Calc001x+2T2016+type@problem+block@10a1841e69c14a66a07f5bf26240b3b6,2.5 Inverses and logarithms,1.0,2016-09-29 23:30:00
block-v1:DelftX+Calc001x+2T2016+type@problem+block@c564d0e78a914ffa81be385205a6350a,5.3 Standard derivatives and rules of calculation,1.0,2016-09-29 23:30:00
block-v1:DelftX+Calc001x+2T2016+type@problem+block@592891f4dcf04b55b67d208248778d22,1.8 Training sequence,1.0,
block-v1:DelftX+Calc001x+2T2016+type@problem+block@0628dfa9c16c45558ce81ccee036eae6,1.10 Homework,2.0,2016-09-29 23:30:00
block-v1:DelftX+Calc001x+2T2016+type@problem+block@95808e4f16174ba0a9ee1deefddcfbcf,3.5 Training sequence,2.0,
block-v1:DelftX+Calc001x+2T2016+type@problem+block@09cd996fecec45bba1da5f123d087e1c,2.5 Inverses and logarithms,1.0,2016-09-29 23:30:00
block-v1:DelftX+Calc001x+2T2016+type@problem+block@d9b67962e6b0432888dc0f68262554c9,1.10 Homework,4.0,2016-09-29 23:30:00
block-v1:DelftX+Calc001x+2T2016+type@problem+block@072679110ba54d5ab342a0bbc408faa9,Exam,2.0,2016-09-29 23:30:00
block-v1:DelftX+Calc001x+2T2016+type@problem+block@390d767d1f134eaa8a6a1e510f6e8da2,5.7 Training sequence,1.0,
block-v1:DelftX+Calc001x+2T2016+type@problem+block@6ceefaa7962f4a1dae6c3421793eede5,"1.6 Domain, codomain and range",1.0,2016-09-29 23:30:00
block-v1:DelftX+Calc001x+2T2016+type@problem+block@af498a8f5d494a049f860f0af628bf5f,1.8 Training sequence,1.0,
block-v1:DelftX+Calc001x+2T2016+type@problem+block@ed628b9f9d7940f089339143af5cd9f8,5.2 Concept of differentiation,1.0,2016-09-29 23:30:00
block-v1:DelftX+Calc001x+2T2016+type@problem+block@5e6802b61b974c178fe298f1c3f86b64,2.5 Inverses and logarithms,1.0,2016-09-29 23:30:00
block-v1:DelftX+Calc001x+2T2016+type@problem+block@3e24ef99409b4263859d5475d6b718cd,2.3 Compositions,1.0,2016-09-29 23:30:00
block-v1:DelftX+Calc001x+2T2016+type@problem+block@e2a5f5da11f548dd8e222cb1caba83ef,3.4 Overview of strategies,1.0,2016-09-29 23:30:00
block-v1:DelftX+Calc001x+2T2016+type@problem+block@3ce333659e0e4349bc4bbd7f392e404f,3.5 Training sequence,1.0,
block-v1:DelftX+Calc001x+2T2016+type@problem+block@be296fa9f69c4fb7ab7dea47e56c7294,1.3 Polynomials,2.0,2016-09-29 23:30:00
block-v1:DelftX+Calc001x+2T2016+type@problem+block@076e6851137a4f2d9bd8bb147e6f6d20,3.5 Training sequence,2.0,
block-v1:DelftX+Calc001x+2T2016+type@problem+block@36eb1e44fa0545f1aa6db32ae60ca5ab,2.8 Homework,2.0,2016-09-29 23:30:00
block-v1:DelftX+Calc001x+2T2016+type@problem+block@f7fbe12e71f7484c88a8405337ee7189,1.2 Functions in general,1.0,2016-09-29 23:30:00
block-v1:DelftX+Calc001x+2T2016+type@problem+block@1362c7d69788407f85529f8e5ab3ddc7,1.3 Polynomials,2.0,2016-09-29 23:30:00
block-v1:DelftX+Calc001x+2T2016+type@problem+block@27525d9352644ec1b1b647ecbf3bb0b8,2.6 Training sequence,1.0,
block-v1:DelftX+Calc001x+2T2016+type@problem+block@4aa1434289f248588043c7180909bf05,1.3 Polynomials,1.0,2016-09-29 23:30:00
block-v1:DelftX+Calc001x+2T2016+type@problem+block@e87b54c1ac5541319670fb59b33b8d81,3.5 Training sequence,2.0,
block-v1:DelftX+Calc001x+2T2016+type@problem+block@d4da0b7885dc4c82b06758496fac2cd1,1.3 Polynomials,4.0,2016-09-29 23:30:00
block-v1:DelftX+Calc001x+2T2016+type@problem+block@2252ba3c873b4afb8e42be10f2ba4b16,3.7 Homework,2.0,2016-09-29 23:30:00
block-v1:DelftX+Calc001x+2T2016+type@problem+block@e12cedcfaa30443c9457faa74057ba99,6.5 Advanced integration techniques,1.0,2016-09-29 12:00:00
block-v1:DelftX+Calc001x+2T2016+type@problem+block@76a7322fbed94806a09292a0d7ddc8aa,1.3 Polynomials,1.0,2016-09-29 23:30:00
block-v1:DelftX+Calc001x+2T2016+type@problem+block@9c7bba4ea6e34d79940edf9840d911b7,2.5 Inverses and logarithms,1.0,2016-09-29 23:30:00
block-v1:DelftX+Calc001x+2T2016+type@problem+block@96fb3a46019944c7ae6f0e2a12f4c168,1.2 Functions in general,1.0,2016-09-29 23:30:00
block-v1:DelftX+Calc001x+2T2016+type@problem+block@3091ad9e20fe4bb597535511a050448b,4.4 Inequalities,2.0,2016-09-29 23:30:00
block-v1:DelftX+Calc001x+2T2016+type@problem+block@f7ef2c01c7cc44349482c017a0bee8d6,6.5 Advanced integration techniques,1.0,2016-09-29 12:00:00
block-v1:DelftX+Calc001x+2T2016+type@problem+block@f3ff8dfeb05e4f20ab4aa40c9bed6883,6.6 Training sequence,1.0,
block-v1:DelftX+Calc001x+2T2016+type@problem+block@5456c57a5da541a7a1b7ec18f42a6d4f,1.7 Continuity,1.0,2016-09-29 23:30:00
block-v1:DelftX+Calc001x+2T2016+type@problem+block@1f0468b60d7d4f2b839ae227fad8e4e0,5.7 Training sequence,1.0,
block-v1:DelftX+Calc001x+2T2016+type@problem+block@19b9b6fcf2754545837ec974d1c6f65e,5.9 Homework,2.0,2016-09-29 23:30:00
block-v1:DelftX+Calc001x+2T2016+type@problem+block@a6e6aa951fce43ad833a31c77a669904,5.9 Homework,2.0,2016-09-29 23:30:00
block-v1:DelftX+Calc001x+2T2016+type@problem+block@6f684928851c4be584b823e67973d15a,1.3 Polynomials,2.0,2016-09-29 23:30:00
block-v1:DelftX+Calc001x+2T2016+type@problem+block@f460344be99944fea576a36d91cc4dc8,6.6 Training sequence,1.0,
block-v1:DelftX+Calc001x+2T2016+type@problem+block@a34d179d179649828a03dd27e2ccb657,2.8 Homework,1.0,2016-09-29 23:30:00
block-v1:DelftX+Calc001x+2T2016+type@problem+block@5ad0fe89ae1247eb8e51f86b6ec8dae5,6.9 Homework,2.0,2016-09-29 23:30:00
block-v1:DelftX+Calc001x+2T2016+type@problem+block@099b6c03ada9411caa28259025128f56,6.9 Homework,2.0,2016-09-29 23:30:00
block-v1:DelftX+Calc001x+2T2016+type@problem+block@47a07b3923ed4ccba4eeae19bdf1f807,3.2 Equations involving polynomials,1.0,2016-09-29 23:30:00
block-v1:DelftX+Calc001x+2T2016+type@problem+block@6fce9920dd7c463ba4f890c29d53c619,4.6 Training sequence,2.0,
block-v1:DelftX+Calc001x+2T2016+type@problem+block@b7a0072a38584f97abfe39cd2cb774bc,4.5 Systems of equations,1.0,2016-09-29 23:30:00
block-v1:DelftX+Calc001x+2T2016+type@problem+block@8e6ea7af5db847a1ad2a92ac5153e758,4.6 Training sequence,1.0,
block-v1:DelftX+Calc001x+2T2016+type@problem+block@6d1369be607944d38286c3fe576d8a05,3.5 Training sequence,1.0,
block-v1:DelftX+Calc001x+2T2016+type@problem+block@060e9de62fb746759208c795a1a375d0,6.4 Calculating integrals,1.0,2016-09-29 23:30:00
block-v1:DelftX+Calc001x+2T2016+type@problem+block@64e09bda393145d184432930ca230ad5,4.6 Training sequence,1.0,
block-v1:DelftX+Calc001x+2T2016+type@problem+block@ae08fdd271d54594a847ce825cdb4f51,6.5 Advanced integration techniques,1.0,2016-09-29 12:00:00
block-v1:DelftX+Calc001x+2T2016+type@problem+block@b68a66cd07fd430cbbfc37019e456f0c,3.7 Homework,2.0,2016-09-29 23:30:00
block-v1:DelftX+Calc001x+2T2016+type@problem+block@3ca5623019f147d2a6b447a025761147,2.6 Training sequence,1.0,
block-v1:DelftX+Calc001x+2T2016+type@problem+block@a669d4f08a5546a5a485d305dcbf1c20,2.5 Inverses and logarithms,1.0,2016-09-29 23:30:00
block-v1:DelftX+Calc001x+2T2016+type@problem+block@4b94b3e6631646069839cb97032ffb7d,6.9 Homework,2.0,2016-09-29 23:30:00
block-v1:DelftX+Calc001x+2T2016+type@problem+block@495b2fda50fc4d40a3fcf64c21247b7f,2.2 Trigonometric functions,1.0,2016-09-29 23:30:00
block-v1:DelftX+Calc001x+2T2016+type@problem+block@ad0618b3a0dc49cebd7599c76bf7a111,6.2 Concept of integration,1.0,2016-09-29 23:30:00
block-v1:DelftX+Calc001x+2T2016+type@problem+block@2ef592b91bad4595b5fc4b311d964fba,Entering answers,1.0,
block-v1:DelftX+Calc001x+2T2016+type@problem+block@67e97d3ac5d34d4eb50fbf41f3379469,2.6 Training sequence,1.0,
block-v1:DelftX+Calc001x+2T2016+type@problem+block@031e8a4044924a3eb8d5d890fed1cc22,5.2 Concept of differentiation,1.0,2016-09-29 23:30:00
block-v1:DelftX+Calc001x+2T2016+type@problem+block@4b631de1192944eea8437c5c2da3d6ca,3.5 Training sequence,1.0,
block-v1:DelftX+Calc001x+2T2016+type@problem+block@c6ca4644e5614c3d87a95ea83b9207ef,5.3 Standard derivatives and rules of calculation,1.0,2016-09-29 23:30:00
block-v1:DelftX+Calc001x+2T2016+type@problem+block@73dd2b73cb9240f79285e79f3c521772,6.5 Advanced integration techniques,1.0,2016-09-29 12:00:00
block-v1:DelftX+Calc001x+2T2016+type@problem+block@4f1b733e18d449ccacccc20bd4307b6b,1.8 Training sequence,1.0,
block-v1:DelftX+Calc001x+2T2016+type@problem+block@98b20a312e4447dea9ef827fe863c81b,3.5 Training sequence,2.0,
block-v1:DelftX+Calc001x+2T2016+type@problem+block@0ebbdf8dcf364da4980a7475292a0dc6,6.5 Advanced integration techniques,1.0,2016-09-29 12:00:00
block-v1:DelftX+Calc001x+2T2016+type@problem+block@65a97c9349294bfab9af43908489b69e,1.10 Homework,4.0,2016-09-29 23:30:00
block-v1:DelftX+Calc001x+2T2016+type@problem+block@8b5013e9a0cc425ba8c869516a81c662,4.6 Training sequence,1.0,
block-v1:DelftX+Calc001x+2T2016+type@problem+block@4edd953ca3d04a04a10747a105b17058,1.3 Polynomials,2.0,2016-09-29 23:30:00
block-v1:DelftX+Calc001x+2T2016+type@problem+block@0306fe6f74384b9da89f7e5c63de287b,6.9 Homework,1.0,2016-09-29 23:30:00
block-v1:DelftX+Calc001x+2T2016+type@problem+block@61ecb7542a7640568850004f2aab33ac,1.4 Rational functions,1.0,2016-09-29 23:30:00
block-v1:DelftX+Calc001x+2T2016+type@problem+block@34ee8d18ff294cc4a6eaee21f72d068e,6.10 University preview,1.0,
block-v1:DelftX+Calc001x+2T2016+type@problem+block@0520164def2e42f9942a79ea5c7b5b08,5.7 Training sequence,1.0,
block-v1:DelftX+Calc001x+2T2016+type@problem+block@a16350658d1a404f8594ca5a3f36b503,5.9 Homework,2.0,2016-09-29 23:30:00
block-v1:DelftX+Calc001x+2T2016+type@problem+block@bf265463df534fefb9bafe2736622313,5.7 Training sequence,1.0,
block-v1:DelftX+Calc001x+2T2016+type@problem+block@5d76be7f6b1b4a8292ae337f6ef14f24,1.8 Training sequence,1.0,
block-v1:DelftX+Calc001x+2T2016+type@problem+block@9ced609357f74b37ba462cdfb0949687,Exam,2.0,2016-09-29 23:30:00
block-v1:DelftX+Calc001x+2T2016+type@problem+block@2b25737ef66d4824a9bd70eb3559c7be,2.5 Inverses and logarithms,1.0,2016-09-29 23:30:00
block-v1:DelftX+Calc001x+2T2016+type@problem+block@9cc94b27d6d24c79b757b9a98ccdba20,2.6 Training sequence,1.0,
block-v1:DelftX+Calc001x+2T2016+type@problem+block@702e99d61671431ea38ab3721241572a,3.4 Overview of strategies,2.0,2016-09-29 23:30:00
block-v1:DelftX+Calc001x+2T2016+type@problem+block@81af552bf49a4754b6784b690ca26c36,6.6 Training sequence,1.0,
block-v1:DelftX+Calc001x+2T2016+type@problem+block@47c9d895389f4d59890102630b428462,2.6 Training sequence,1.0,
block-v1:DelftX+Calc001x+2T2016+type@problem+block@13d57d9846e34c0091f54e746586f26a,1.10 Homework,1.0,2016-09-29 23:30:00
block-v1:DelftX+Calc001x+2T2016+type@problem+block@2858e5da1b0d4a9b8ee67827e2e0e825,3.5 Training sequence,2.0,
block-v1:DelftX+Calc001x+2T2016+type@problem+block@55d60e7f93c946fe8551ac8cf3ed5fc1,2.6 Training sequence,1.0,
block-v1:DelftX+Calc001x+2T2016+type@problem+block@d5bb2ad4d852454bb9ec8db3d7201b21,Exam,1.0,2016-09-29 23:30:00
block-v1:DelftX+Calc001x+2T2016+type@problem+block@d3daa09705664eada96f67c7da7ac8c9,1.10 Homework,1.0,2016-09-29 23:30:00
block-v1:DelftX+Calc001x+2T2016+type@problem+block@a592a2cab9464284b8de5224e9e91fff,"1.6 Domain, codomain and range",1.0,2016-09-29 23:30:00
block-v1:DelftX+Calc001x+2T2016+type@problem+block@746fc2eeff3046479032679f65ec7fb0,"1.6 Domain, codomain and range",1.0,2016-09-29 23:30:00
block-v1:DelftX+Calc001x+2T2016+type@problem+block@b8e0c0f52d5c448492404a9fa9259675,4.5 Systems of equations,1.0,2016-09-29 23:30:00
block-v1:DelftX+Calc001x+2T2016+type@problem+block@6d8895c3788f4b66a51ac0df7844e737,3.5 Training sequence,2.0,
block-v1:DelftX+Calc001x+2T2016+type@problem+block@9c9fa66045b4451fb353a11b5afb0d94,4.6 Training sequence,1.0,
block-v1:DelftX+Calc001x+2T2016+type@problem+block@66d459edf1f44d23908004fa143ecde6,6.9 Homework,2.0,2016-09-29 23:30:00
block-v1:DelftX+Calc001x+2T2016+type@problem+block@4f563be0ed53411a92fbd595f814846b,6.4 Calculating integrals,1.0,2016-09-29 23:30:00
block-v1:DelftX+Calc001x+2T2016+type@problem+block@ac3a154eceb9485b8d4b1173cdaebc54,5.9 Homework,2.0,2016-09-29 23:30:00
block-v1:DelftX+Calc001x+2T2016+type@problem+block@eadb49724a994366ba23a885b5f88c4c,Exam,1.0,2016-09-29 23:30:00
block-v1:DelftX+Calc001x+2T2016+type@problem+block@0b9e7ff8f56f444cbe896049542cd859,2.2 Trigonometric functions,1.0,2016-09-29 23:30:00
block-v1:DelftX+Calc001x+2T2016+type@problem+block@6c6effadc3e049ffa41b0e7b19a8b6ff,3.5 Training sequence,2.0,
block-v1:DelftX+Calc001x+2T2016+type@problem+block@4cbc7a0ff40e4d379efff2b0bac287a2,5.7 Training sequence,1.0,
block-v1:DelftX+Calc001x+2T2016+type@problem+block@d475e8618164495ebfa7fe178ce72d64,2.8 Homework,2.0,2016-09-29 23:30:00
block-v1:DelftX+Calc001x+2T2016+type@problem+block@aa11391fce7748f6b2d3c76322751ac7,2.6 Training sequence,1.0,
block-v1:DelftX+Calc001x+2T2016+type@problem+block@c3344e3e9bae4f3db1b1593f01185572,2.6 Training sequence,1.0,
block-v1:DelftX+Calc001x+2T2016+type@problem+block@160268057ce64ed7b82a3026805d1a01,1.8 Training sequence,1.0,
block-v1:DelftX+Calc001x+2T2016+type@problem+block@a71a8320d4774bfdb14e75206224d878,Exam,2.0,2016-09-29 23:30:00
block-v1:DelftX+Calc001x+2T2016+type@problem+block@f35fd69c1d374ae0ace2b35acbf4dd19,Exam,1.0,2016-09-29 23:30:00
block-v1:DelftX+Calc001x+2T2016+type@problem+block@62c05706306b4763804051288a1f3342,3.5 Training sequence,2.0,
block-v1:DelftX+Calc001x+2T2016+type@problem+block@f65ef89a73cc44f6941e2791328a2679,6.6 Training sequence,1.0,
block-v1:DelftX+Calc001x+2T2016+type@problem+block@5860405c57a64d12be6b2141cac148dd,5.7 Training sequence,1.0,
block-v1:DelftX+Calc001x+2T2016+type@problem+block@5b62119c34d44fa9ab2ba10e77b4b4c3,1.8 Training sequence,1.0,
block-v1:DelftX+Calc001x+2T2016+type@problem+block@805f4c50345047f78640dd68eaa7301d,Entering answers,0.0,
block-v1:DelftX+Calc001x+2T2016+type@problem+block@096d39eb1743405e9eccffb9e5d8b53d,5.7 Training sequence,1.0,
block-v1:DelftX+Calc001x+2T2016+type@problem+block@1cb1f7758c09460f8d108bd5a1777869,4.6 Training sequence,2.0,
block-v1:DelftX+Calc001x+2T2016+type@problem+block@c2552484680a4284844e34e31370e8a6,1.8 Training sequence,1.0,
block-v1:DelftX+Calc001x+2T2016+type@problem+block@6c8e677804a7449685879f7742d2e5ed,1.8 Training sequence,1.0,
block-v1:DelftX+Calc001x+2T2016+type@problem+block@045ed9dbb2dd48b388e8fe2af04b3535,2.2 Trigonometric functions,1.0,2016-09-29 23:30:00
block-v1:DelftX+Calc001x+2T2016+type@problem+block@4ebf4fe6f46a4a31ab892bc6e7ac29b1,1.4 Rational functions,1.0,2016-09-29 23:30:00
block-v1:DelftX+Calc001x+2T2016+type@problem+block@ab1f350a8614419495b9a788de03f0cd,4.6 Training sequence,1.0,
block-v1:DelftX+Calc001x+2T2016+type@problem+block@cdbb447f408f4c8cac7bdbc6ea676bd7,5.9 Homework,2.0,2016-09-29 23:30:00
block-v1:DelftX+Calc001x+2T2016+type@problem+block@bdf78650a6674e16925cef1711a7b159,4.8 Homework,2.0,2016-09-29 23:30:00
block-v1:DelftX+Calc001x+2T2016+type@problem+block@a3446dfe459b4c9ea56db7fc1ed62b39,Exam,1.0,2016-09-29 23:30:00
block-v1:DelftX+Calc001x+2T2016+type@problem+block@581352733cde493f9f2e7a71539c767d,1.8 Training sequence,1.0,
block-v1:DelftX+Calc001x+2T2016+type@problem+block@836f8fa0c3f84f0f8fbbedaafe73bc6d,2.6 Training sequence,1.0,
block-v1:DelftX+Calc001x+2T2016+type@problem+block@d41478ba5fc54d83a7434400c782093c,5.7 Training sequence,1.0,
block-v1:DelftX+Calc001x+2T2016+type@problem+block@6ab187b2eb414983a8545a62d6d60ab2,1.3 Polynomials,1.0,2016-09-29 23:30:00
block-v1:DelftX+Calc001x+2T2016+type@problem+block@ccfe96797886421b9b362b3358b1ae43,1.11 University preview,1.0,
block-v1:DelftX+Calc001x+2T2016+type@problem+block@d9ddd88c49d840919fda0d35c058fe39,6.9 Homework,1.0,2016-09-29 23:30:00
block-v1:DelftX+Calc001x+2T2016+type@problem+block@5606ba300b3149f5bf819b32e732972e,6.6 Training sequence,1.0,
block-v1:DelftX+Calc001x+2T2016+type@problem+block@2517abc0256f41d2b795cca4bc0459ea,5.7 Training sequence,1.0,
block-v1:DelftX+Calc001x+2T2016+type@problem+block@87d867aab8594613a37a31b897de8cc4,6.6 Training sequence,1.0,
block-v1:DelftX+Calc001x+2T2016+type@problem+block@7c9eb6c233ec48daad2bb544375a8e36,3.3 Equations involving rational functions and square roots,2.0,2016-09-29 23:30:00
block-v1:DelftX+Calc001x+2T2016+type@problem+block@5cecf955632a438e99c45c1d5682a878,1.3 Polynomials,1.0,2016-09-29 23:30:00
block-v1:DelftX+Calc001x+2T2016+type@problem+block@4b5094e43f1b4dbebcedacb0e651812f,6.6 Training sequence,1.0,
block-v1:DelftX+Calc001x+2T2016+type@problem+block@b21bc04490674561a1bf226d2762e39e,1.8 Training sequence,1.0,
block-v1:DelftX+Calc001x+2T2016+type@problem+block@5154a142534a470e889fa70f0313935e,6.6 Training sequence,1.0,
block-v1:DelftX+Calc001x+2T2016+type@problem+block@25863c4b38eb4bf88e3f82b992f4b8bb,5.6 Application: finding extremal values,1.0,2016-09-29 23:30:00
block-v1:DelftX+Calc001x+2T2016+type@problem+block@38fae63de8f24c07bcc2146c2c3155ee,4.6 Training sequence,1.0,
block-v1:DelftX+Calc001x+2T2016+type@problem+block@b2e0c6f2cf6d43a6867122e84e151800,5.7 Training sequence,1.0,
block-v1:DelftX+Calc001x+2T2016+type@problem+block@65d9fe8f3d914bb9801f5c607813c361,2.6 Training sequence,1.0,
block-v1:DelftX+Calc001x+2T2016+type@problem+block@f11ca7b366344ef19a4fc680b19de2c9,5.6 Application: finding extremal values,1.0,2016-09-29 23:30:00
block-v1:DelftX+Calc001x+2T2016+type@problem+block@e14753bc6ef34a0b9ba3a139593df136,6.3 The Fundamental Theorem of Calculus,2.0,2016-09-29 23:30:00
block-v1:DelftX+Calc001x+2T2016+type@problem+block@6ce01f6eba6b4d759c240f87f3404e32,6.6 Training sequence,1.0,
block-v1:DelftX+Calc001x+2T2016+type@problem+block@39b5728582b14288ae9214b925ac40c3,2.6 Training sequence,1.0,
block-v1:DelftX+Calc001x+2T2016+type@problem+block@134710b2530f4063891d66037569b73c,6.6 Training sequence,1.0,
block-v1:DelftX+Calc001x+2T2016+type@problem+block@2b2bb862deb642419276aa1f32adf1e0,3.5 Training sequence,2.0,
block-v1:DelftX+Calc001x+2T2016+type@problem+block@3e99443e3428439db7499ec4d7b31e81,2.8 Homework,1.0,2016-09-29 23:30:00
block-v1:DelftX+Calc001x+2T2016+type@problem+block@fadb1dc98b1a4e12b9985dd7fb86abab,1.4 Rational functions,1.0,2016-09-29 23:30:00
block-v1:DelftX+Calc001x+2T2016+type@problem+block@70736cbd8715409fa4976d2f65bad27b,Exam,3.0,2016-09-29 23:30:00
block-v1:DelftX+Calc001x+2T2016+type@problem+block@0137dce1c09a430abaad0a25ef47b8b5,1.8 Training sequence,1.0,
block-v1:DelftX+Calc001x+2T2016+type@problem+block@e6009be50bec40db888cf6e3ac59104c,6.7 Extra material: further applications,0.0,
block-v1:DelftX+Calc001x+2T2016+type@problem+block@b9bce55b504945d7822b92d7f91204fe,3.7 Homework,2.0,2016-09-29 23:30:00
block-v1:DelftX+Calc001x+2T2016+type@problem+block@68de0ab5094d4eafb490fe77bd88e623,4.6 Training sequence,1.0,
block-v1:DelftX+Calc001x+2T2016+type@problem+block@22b99fffab9f4e62a46a8982e7b4fc8d,Exam,1.0,2016-09-29 23:30:00
block-v1:DelftX+Calc001x+2T2016+type@problem+block@929f9a19a4254163890f3120f20d98ca,3.3 Equations involving rational functions and square roots,2.0,2016-09-29 23:30:00
block-v1:DelftX+Calc001x+2T2016+type@problem+block@06d938114743411d883dacb1a43b4469,6.6 Training sequence,1.0,
block-v1:DelftX+Calc001x+2T2016+type@problem+block@42c54b19226542bfb6789151b10ed4c0,3.3 Equations involving rational functions and square roots,2.0,2016-09-29 23:30:00
block-v1:DelftX+Calc001x+2T2016+type@problem+block@2b1c5bcde17842939432d337476b0ac9,4.2 Equations involving trigonometric functions,2.0,2016-09-29 23:30:00
block-v1:DelftX+Calc001x+2T2016+type@problem+block@439b1a674a3c4b119cdb8f087a9b0986,4.6 Training sequence,2.0,
block-v1:DelftX+Calc001x+2T2016+type@problem+block@6ff3336cdf1b48fba6392ba304d5ea9c,4.6 Training sequence,1.0,
block-v1:DelftX+Calc001x+2T2016+type@problem+block@b034b2a9f4a14a07a2f48fa79be87e1e,6.2 Concept of integration,1.0,2016-09-29 23:30:00
block-v1:DelftX+Calc001x+2T2016+type@problem+block@abdad2b8f9374ceca39d5aca328a654a,1.3 Polynomials,1.0,2016-09-29 23:30:00
block-v1:DelftX+Calc001x+2T2016+type@problem+block@e512e7a3e8604c43aab7f7c0f7e5b5f4,3.5 Training sequence,2.0,
block-v1:DelftX+Calc001x+2T2016+type@problem+block@70ae68d8389a4a58a81b413e0da4fc07,2.6 Training sequence,1.0,
block-v1:DelftX+Calc001x+2T2016+type@problem+block@c821d54a424846b48321763ace94c9ff,1.8 Training sequence,1.0,
block-v1:DelftX+Calc001x+2T2016+type@problem+block@66135070a6544a31921435ad090f65e2,1.5 Power functions,1.0,2016-09-29 23:30:00
block-v1:DelftX+Calc001x+2T2016+type@problem+block@f9c2de97549b43acb98cda0d99847f5a,6.6 Training sequence,1.0,
block-v1:DelftX+Calc001x+2T2016+type@problem+block@a5b5d97280ea454ab3849f2e36ee1bc2,2.8 Homework,1.0,2016-09-29 23:30:00
block-v1:DelftX+Calc001x+2T2016+type@problem+block@7815d7a6b6ad460990e7ff46e873864d,2.6 Training sequence,1.0,
block-v1:DelftX+Calc001x+2T2016+type@problem+block@22d290d4ba29468e9ac2502b56c9b334,4.6 Training sequence,1.0,
block-v1:DelftX+Calc001x+2T2016+type@problem+block@9929f8ce5d94474c8daf7ae7b83754ae,5.3 Standard derivatives and rules of calculation,1.0,2016-09-29 23:30:00
block-v1:DelftX+Calc001x+2T2016+type@problem+block@e2bab07d8c464a9ca59888f6aee4511f,1.10 Homework,1.0,2016-09-29 23:30:00
block-v1:DelftX+Calc001x+2T2016+type@problem+block@d0089d680a7949b69329bf60fe5ce4e0,6.5 Advanced integration techniques,1.0,2016-09-29 12:00:00
block-v1:DelftX+Calc001x+2T2016+type@problem+block@6573f09f2abf4357b2ee89dcdf89a8e5,Exam,1.0,2016-09-29 23:30:00
block-v1:DelftX+Calc001x+2T2016+type@problem+block@e0d9ce0132234f51b842a9e5e2aedc9c,5.9 Homework,2.0,2016-09-29 23:30:00
block-v1:DelftX+Calc001x+2T2016+type@problem+block@9859137ae51944c396e7c971d08cd977,5.7 Training sequence,1.0,
block-v1:DelftX+Calc001x+2T2016+type@problem+block@d5fbaf3022b74845a725a84505b5ce2d,Exam,1.0,2016-09-29 23:30:00
block-v1:DelftX+Calc001x+2T2016+type@problem+block@69eadaf4e4e04c398ed592238fc99bad,1.10 Homework,2.0,2016-09-29 23:30:00
block-v1:DelftX+Calc001x+2T2016+type@problem+block@9932e8a341fc4c0fa3c540cee2a3daf0,6.6 Training sequence,1.0,
block-v1:DelftX+Calc001x+2T2016+type@problem+block@746072cf7d5642759ec86cabbbe24673,6.6 Training sequence,1.0,
block-v1:DelftX+Calc001x+2T2016+type@problem+block@a38764786fa04c54884eeb69ffa5d0b8,2.2 Trigonometric functions,1.0,2016-09-29 23:30:00
block-v1:DelftX+Calc001x+2T2016+type@problem+block@7133a1d7d19a45cdb44115f2218145fb,4.6 Training sequence,1.0,
block-v1:DelftX+Calc001x+2T2016+type@problem+block@c495c77ff9eb4568b0162cde5510f088,1.10 Homework,2.0,2016-09-29 23:30:00
block-v1:DelftX+Calc001x+2T2016+type@problem+block@de2f0f9815304ea69c5ea7d01cc755c5,5.2 Concept of differentiation,2.0,2016-09-29 23:30:00
block-v1:DelftX+Calc001x+2T2016+type@problem+block@bf89fdec22644103b858e9e121ed21a0,4.3 Equations involving exps and logs,1.0,2016-09-29 23:30:00
block-v1:DelftX+Calc001x+2T2016+type@problem+block@fbde487b3da649018e6ba6b5989e7680,3.5 Training sequence,1.0,
block-v1:DelftX+Calc001x+2T2016+type@problem+block@249014606f2e4a6b969e95eafca4f760,3.5 Training sequence,2.0,
block-v1:DelftX+Calc001x+2T2016+type@problem+block@15e33d74d6b849488a6964ca20bbb706,3.8 University preview,1.0,
block-v1:DelftX+Calc001x+2T2016+type@problem+block@96f989154ed940d69416e866b1843ce5,3.5 Training sequence,1.0,
block-v1:DelftX+Calc001x+2T2016+type@problem+block@0423756611ea4753804646f0dd1acc43,6.9 Homework,1.0,2016-09-29 23:30:00
block-v1:DelftX+Calc001x+2T2016+type@problem+block@7d98f8e52c8b43cfa80a63e4b8455f6e,1.10 Homework,1.0,2016-09-29 23:30:00
block-v1:DelftX+Calc001x+2T2016+type@problem+block@a9fb0337d6a4489c9db6dda2fdeaf7cd,Exam,2.0,2016-09-29 23:30:00
block-v1:DelftX+Calc001x+2T2016+type@problem+block@cc19985b3adc4b6f9f4cc894839a9d54,2.8 Homework,1.0,2016-09-29 23:30:00
block-v1:DelftX+Calc001x+2T2016+type@problem+block@0572e10fc74d40169a9c7d436af29557,4.8 Homework,2.0,2016-09-29 23:30:00
block-v1:DelftX+Calc001x+2T2016+type@problem+block@9e30b0e89b354f378676d7506c849daf,1.10 Homework,1.0,2016-09-29 23:30:00
block-v1:DelftX+Calc001x+2T2016+type@problem+block@458ac75b943740e2b3d9e92ad4067b0d,2.5 Inverses and logarithms,1.0,2016-09-29 23:30:00
block-v1:DelftX+Calc001x+2T2016+type@problem+block@6609c90a2cca4565aef724a4c8b71623,5.7 Training sequence,1.0,
block-v1:DelftX+Calc001x+2T2016+type@problem+block@7e97f8e7b4c54c3ab2f39c4773c28140,5.9 Homework,2.0,2016-09-29 23:30:00
block-v1:DelftX+Calc001x+2T2016+type@problem+block@5b99cd2779774333abfb87a554c5aa68,1.8 Training sequence,1.0,
block-v1:DelftX+Calc001x+2T2016+type@problem+block@e03a2df9472a43efb12effd439faec1c,2.4 Exponential functions,1.0,2016-09-29 23:30:00
block-v1:DelftX+Calc001x+2T2016+type@problem+block@5dc83f9e632c4b2d9d4edce73e1b055a,1.8 Training sequence,1.0,
block-v1:DelftX+Calc001x+2T2016+type@problem+block@3f001013fcd94b9c8cc5ad75cbce2fdd,4.6 Training sequence,1.0,
block-v1:DelftX+Calc001x+2T2016+type@problem+block@25b45245504d4e3989e3454cceefc74d,5.9 Homework,1.0,2016-09-29 23:30:00
block-v1:DelftX+Calc001x+2T2016+type@problem+block@b442fedf1e094cc78a1b3d0478be3154,6.2 Concept of integration,1.0,2016-09-29 23:30:00
block-v1:DelftX+Calc001x+2T2016+type@problem+block@34c4d34998c146058360779ffaf4ed4f,3.5 Training sequence,2.0,
block-v1:DelftX+Calc001x+2T2016+type@problem+block@e0809f2ccb17435397363f54d85b6a10,Exam,2.0,2016-09-29 23:30:00
block-v1:DelftX+Calc001x+2T2016+type@problem+block@670af6ba185c45bb8a224b60df7e097b,3.7 Homework,2.0,2016-09-29 23:30:00
block-v1:DelftX+Calc001x+2T2016+type@problem+block@c58de4fd964d4585a2de9955e30366de,4.6 Training sequence,1.0,
block-v1:DelftX+Calc001x+2T2016+type@problem+block@bd10858d47f04f7392249e8df80d219d,1.2 Functions in general,1.0,2016-09-29 23:30:00
block-v1:DelftX+Calc001x+2T2016+type@problem+block@b7de012a3e254a45ba790d6592dba161,4.8 Homework,2.0,2016-09-29 23:30:00
block-v1:DelftX+Calc001x+2T2016+type@problem+block@dce5b23857654eafaa1234e5089cd79b,Exam,2.0,2016-09-29 23:30:00
block-v1:DelftX+Calc001x+2T2016+type@problem+block@c9640c4d99a7441f9349fced149ba6bd,2.8 Homework,2.0,2016-09-29 23:30:00
block-v1:DelftX+Calc001x+2T2016+type@problem+block@957fa2474b8142ebb28701f9bf677fb9,4.8 Homework,2.0,2016-09-29 23:30:00
block-v1:DelftX+Calc001x+2T2016+type@problem+block@d06fd7d90311474c9432858749cca786,Exam,2.0,2016-09-29 23:30:00
block-v1:DelftX+Calc001x+2T2016+type@problem+block@5a9b4415dac743558bd8a2bc174449ab,4.6 Training sequence,1.0,
block-v1:DelftX+Calc001x+2T2016+type@problem+block@5fa7d8cd25ff4533a9fa2d10a97fb57e,1.10 Homework,4.0,2016-09-29 23:30:00
block-v1:DelftX+Calc001x+2T2016+type@problem+block@c86550d7beae4c1ca2dee06bca79eb27,6.5 Advanced integration techniques,1.0,2016-09-29 12:00:00
block-v1:DelftX+Calc001x+2T2016+type@problem+block@032f63c9cd4f4e96b5b9acec42eea0e9,6.6 Training sequence,0.0,
block-v1:DelftX+Calc001x+2T2016+type@problem+block@87e50196a1be47798270047703cd75ca,6.5 Advanced integration techniques,1.0,2016-09-29 12:00:00
block-v1:DelftX+Calc001x+2T2016+type@problem+block@469e0f5247844059a36aca23164dd3fd,1.8 Training sequence,1.0,
block-v1:DelftX+Calc001x+2T2016+type@problem+block@1fd5f64555af42c187e6ba056fa76ebc,2.6 Training sequence,1.0,
block-v1:DelftX+Calc001x+2T2016+type@problem+block@01068c1db26b40bca5462c480d0e7b57,2.8 Homework,2.0,2016-09-29 23:30:00
block-v1:DelftX+Calc001x+2T2016+type@problem+block@aa388919bac34a3f8049335158079602,1.4 Rational functions,5.0,2016-09-29 23:30:00
block-v1:DelftX+Calc001x+2T2016+type@problem+block@1881d803ae114dd6baad4cf6da203aec,1.10 Homework,2.0,2016-09-29 23:30:00
block-v1:DelftX+Calc001x+2T2016+type@problem+block@7d3583cce51e4ce7b973ecb7f528f8ac,3.8 University preview,4.0,
block-v1:DelftX+Calc001x+2T2016+type@problem+block@174c1eb277cc4cfa9be9b61bf1f15077,5.7 Training sequence,1.0,
block-v1:DelftX+Calc001x+2T2016+type@problem+block@1b37ca86aa744901a54994520ccb111e,1.10 Homework,4.0,2016-09-29 23:30:00
block-v1:DelftX+Calc001x+2T2016+type@problem+block@47dd306f65664364a5f4f9b41aa46e56,3.4 Overview of strategies,0.0,2016-09-29 23:30:00
block-v1:DelftX+Calc001x+2T2016+type@problem+block@4f634793344f4d71869538d7a806e807,4.6 Training sequence,1.0,
block-v1:DelftX+Calc001x+2T2016+type@problem+block@2e08484cdb42434cbabd435621371603,2.8 Homework,2.0,2016-09-29 23:30:00
block-v1:DelftX+Calc001x+2T2016+type@problem+block@33b9144b2e1b433b8b4dfbb8ec34f545,2.6 Training sequence,1.0,
block-v1:DelftX+Calc001x+2T2016+type@problem+block@ce542fe2164442488cf9b45a058599c6,5.7 Training sequence,1.0,
block-v1:DelftX+Calc001x+2T2016+type@problem+block@24fcdecdc5154d4bb787cdea17f7fe64,6.6 Training sequence,1.0,
block-v1:DelftX+Calc001x+2T2016+type@problem+block@d9ea09f8383844518614a71d0c579ad9,1.8 Training sequence,1.0,
block-v1:DelftX+Calc001x+2T2016+type@problem+block@034407c42112437a81f372ffbcf80dfb,Exam,2.0,2016-09-29 23:30:00
block-v1:DelftX+Calc001x+2T2016+type@problem+block@082faebc408c45aa8c10fb544bb6f32c,1.2 Functions in general,4.0,2016-09-29 23:30:00
block-v1:DelftX+Calc001x+2T2016+type@problem+block@506766c3e49941a7b8a417f01a92e994,2.6 Training sequence,1.0,
block-v1:DelftX+Calc001x+2T2016+type@problem+block@9f287fbfb27c44818b1755dab4950d4c,2.6 Training sequence,1.0,
block-v1:DelftX+Calc001x+2T2016+type@problem+block@0f3f4ff1ef3941af8fc76bdd947d2102,2.8 Homework,1.0,2016-09-29 23:30:00
block-v1:DelftX+Calc001x+2T2016+type@problem+block@a1d877e0db4b48289fe13d2289fd7cad,6.3 The Fundamental Theorem of Calculus,1.0,2016-09-29 23:30:00
block-v1:DelftX+Calc001x+2T2016+type@problem+block@6c60897f6f504d00a7c58b1a822a6647,6.4 Calculating integrals,1.0,2016-09-29 23:30:00
block-v1:DelftX+Calc001x+2T2016+type@problem+block@258f576416734867a8a5a432bc729b72,"1.6 Domain, codomain and range",1.0,2016-09-29 23:30:00
block-v1:DelftX+Calc001x+2T2016+type@problem+block@2bb6beb023d2490099e87550367e9aeb,1.4 Rational functions,1.0,2016-09-29 23:30:00
block-v1:DelftX+Calc001x+2T2016+type@problem+block@380bd34c101d4f8ab7b5425d4bb80b0c,3.5 Training sequence,2.0,
block-v1:DelftX+Calc001x+2T2016+type@problem+block@03c563565ebd4aa8afe29ca57f572f8a,6.10 University preview,1.0,
block-v1:DelftX+Calc001x+2T2016+type@problem+block@d0db1c78d0094c8faad07ab972b62255,3.5 Training sequence,2.0,
block-v1:DelftX+Calc001x+2T2016+type@problem+block@9b5dcf7b82244775bbee5b9542f27c39,1.8 Training sequence,1.0,
block-v1:DelftX+Calc001x+2T2016+type@problem+block@668ee287657f46d6bb8c2a816e1250f3,6.4 Calculating integrals,1.0,2016-09-29 23:30:00
block-v1:DelftX+Calc001x+2T2016+type@problem+block@9e42e91cf1154b04ad9c0abbd775ea74,1.3 Polynomials,2.0,2016-09-29 23:30:00
block-v1:DelftX+Calc001x+2T2016+type@problem+block@d8cc6cf7a8ca4edeabb6a1b7cfa44470,1.8 Training sequence,1.0,
block-v1:DelftX+Calc001x+2T2016+type@problem+block@70eef8925ebc4db2a75a4a23cab8593f,4.6 Training sequence,1.0,
block-v1:DelftX+Calc001x+2T2016+type@problem+block@d0d7f21b4138407a98c03e01a8f63ae1,5.3 Standard derivatives and rules of calculation,1.0,2016-09-29 23:30:00
block-v1:DelftX+Calc001x+2T2016+type@problem+block@b2825596f31644efa962f8aeb8d1fd28,5.7 Training sequence,1.0,
block-v1:DelftX+Calc001x+2T2016+type@problem+block@18e39a549efb4b12ae99436e9c93af62,6.9 Homework,1.0,2016-09-29 23:30:00
block-v1:DelftX+Calc001x+2T2016+type@problem+block@c5cade98850241fbbebd0cf3065155dd,2.6 Training sequence,1.0,
block-v1:DelftX+Calc001x+2T2016+type@problem+block@bc31b55b0e7341b69c960abfa255bd7f,4.4 Inequalities,2.0,2016-09-29 23:30:00
block-v1:DelftX+Calc001x+2T2016+type@problem+block@9167080a18814100bd325ff53da77f2c,5.9 Homework,2.0,2016-09-29 23:30:00
block-v1:DelftX+Calc001x+2T2016+type@problem+block@77574dd6ace2454194880f9f9d2d98e3,3.5 Training sequence,2.0,
block-v1:DelftX+Calc001x+2T2016+type@problem+block@431fa0f2328342ceb98a0e4e70af3975,6.2 Concept of integration,1.0,2016-09-29 23:30:00
block-v1:DelftX+Calc001x+2T2016+type@problem+block@0710375ee03343d4a159d2031d21cb1e,6.5 Advanced integration techniques,1.0,2016-09-29 12:00:00
block-v1:DelftX+Calc001x+2T2016+type@problem+block@358fe4ac75374cdd86fae0d5adaf3252,5.7 Training sequence,1.0,
block-v1:DelftX+Calc001x+2T2016+type@problem+block@39a80d9b1dca421cb5c46934bd455938,1.8 Training sequence,1.0,
block-v1:DelftX+Calc001x+2T2016+type@problem+block@cb28e1cb42fe4b0e99ae842e811de935,3.5 Training sequence,2.0,
block-v1:DelftX+Calc001x+2T2016+type@problem+block@00ed9ed2851443d5a4a7538415afc66f,3.5 Training sequence,2.0,
block-v1:DelftX+Calc001x+2T2016+type@problem+block@99c51cdff8a6456db534624184580c20,3.2 Equations involving polynomials,1.0,2016-09-29 23:30:00
block-v1:DelftX+Calc001x+2T2016+type@problem+block@6e86f5d1b419438fafede20899407464,2.6 Training sequence,1.0,
block-v1:DelftX+Calc001x+2T2016+type@problem+block@924aeb823aeb435faa25bafeef22f435,4.4 Inequalities,2.0,2016-09-29 23:30:00
block-v1:DelftX+Calc001x+2T2016+type@problem+block@d059239ae22d455d83a39fc93d70ad81,6.6 Training sequence,1.0,
block-v1:DelftX+Calc001x+2T2016+type@problem+block@b9dc45dca1dd4640beab4cfbc1cba2cb,4.6 Training sequence,2.0,
block-v1:DelftX+Calc001x+2T2016+type@problem+block@ab8ffdd4d3064f20b1409a2b62b9cbb6,6.7 Extra material: further applications,0.0,
block-v1:DelftX+Calc001x+2T2016+type@problem+block@c4dd093edcbe4ff9b9d80709682b5405,1.8 Training sequence,1.0,
block-v1:DelftX+Calc001x+2T2016+type@problem+block@6587d802b2b4478f83df39917c51e35f,5.4 Tangent lines,1.0,2016-09-29 23:30:00
block-v1:DelftX+Calc001x+2T2016+type@problem+block@392bb358c6f4408689cd8b115264201b,5.3 Standard derivatives and rules of calculation,1.0,2016-09-29 23:30:00
block-v1:DelftX+Calc001x+2T2016+type@problem+block@c0f0075126ed46f4b12c6f1c1622b85f,3.5 Training sequence,2.0,
block-v1:DelftX+Calc001x+2T2016+type@problem+block@893f7524ed18493ab8a455bf28bd2401,5.2 Concept of differentiation,1.0,2016-09-29 23:30:00
block-v1:DelftX+Calc001x+2T2016+type@problem+block@800196b9c48e45b1813565849750aa53,2.2 Trigonometric functions,1.0,2016-09-29 23:30:00
block-v1:DelftX+Calc001x+2T2016+type@problem+block@6f331d9431eb407aa946b576cc27ec05,3.5 Training sequence,2.0,
block-v1:DelftX+Calc001x+2T2016+type@problem+block@68deeb3e411b4bb487a40ec5e36a3b49,6.2 Concept of integration,1.0,2016-09-29 23:30:00
block-v1:DelftX+Calc001x+2T2016+type@problem+block@79f2cfd9d9c54416858ad45d0b4503ab,6.3 The Fundamental Theorem of Calculus,2.0,2016-09-29 23:30:00
block-v1:DelftX+Calc001x+2T2016+type@problem+block@353eef44d8fc46108d28a612d75e4f84,Exam,2.0,2016-09-29 23:30:00
block-v1:DelftX+Calc001x+2T2016+type@problem+block@dd8b8b7b526e46ca90c8fb8ea8f6ff6b,4.6 Training sequence,1.0,
block-v1:DelftX+Calc001x+2T2016+type@problem+block@5545bb6f9f394c8293826fcedc815ef0,1.10 Homework,1.0,2016-09-29 23:30:00
block-v1:DelftX+Calc001x+2T2016+type@problem+block@c55c53dfd1d84f10a80bbe458e9ac9b4,2.8 Homework,5.0,2016-09-29 23:30:00
block-v1:DelftX+Calc001x+2T2016+type@problem+block@9beee72f4935431aae5494f20d843e7c,6.7 Extra material: further applications,0.0,
block-v1:DelftX+Calc001x+2T2016+type@problem+block@98c266fc3c5f4f5facd813ddfed2b7b6,5.7 Training sequence,1.0,
block-v1:DelftX+Calc001x+2T2016+type@problem+block@ced8d85d3e0148b6af68a3c26cb8684e,3.5 Training sequence,1.0,
block-v1:DelftX+Calc001x+2T2016+type@problem+block@3cc2fbcde6694d8faef85fd11f59d000,3.5 Training sequence,2.0,
block-v1:DelftX+Calc001x+2T2016+type@problem+block@d9db4bde91df4150a54006d519c1345b,5.2 Concept of differentiation,1.0,2016-09-29 23:30:00
block-v1:DelftX+Calc001x+2T2016+type@problem+block@ea2c07d6b1444aa3a02005123de3decf,3.7 Homework,2.0,2016-09-29 23:30:00
block-v1:DelftX+Calc001x+2T2016+type@problem+block@f54a7069722c4bffbb6f7fab58147d83,1.8 Training sequence,1.0,
block-v1:DelftX+Calc001x+2T2016+type@problem+block@c24b49b019db41dcbd8a9c435b8e2aad,4.4 Inequalities,2.0,2016-09-29 23:30:00
block-v1:DelftX+Calc001x+2T2016+type@problem+block@731a009b53c646fabdec89d6b147232d,4.6 Training sequence,1.0,
block-v1:DelftX+Calc001x+2T2016+type@problem+block@2e04b72a0efa44528623f7d4f2382e3c,Exam,2.0,2016-09-29 23:30:00
block-v1:DelftX+Calc001x+2T2016+type@problem+block@9b0fce0fbc0043e998fab2633e05c83a,2.4 Exponential functions,1.0,2016-09-29 23:30:00
block-v1:DelftX+Calc001x+2T2016+type@problem+block@9ed84843ab5d4d4090385ffaa0e9fffc,Exam,2.0,2016-09-29 23:30:00
block-v1:DelftX+Calc001x+2T2016+type@problem+block@e52ee5d82fdb45f8bbe7997bab4a727d,5.9 Homework,1.0,2016-09-29 23:30:00
block-v1:DelftX+Calc001x+2T2016+type@problem+block@4cf7ee71765b4d27ba1c79748f56314d,Exam,1.0,2016-09-29 23:30:00
block-v1:DelftX+Calc001x+2T2016+type@problem+block@69a3a3a1c64d4ab4a5a52319c4e92c1d,6.9 Homework,1.0,2016-09-29 23:30:00
block-v1:DelftX+Calc001x+2T2016+type@problem+block@b782daf64f2749b88d7742ed26acbae0,1.8 Training sequence,1.0,
block-v1:DelftX+Calc001x+2T2016+type@problem+block@659891e414e44fcbb61df15419414fa9,6.9 Homework,2.0,2016-09-29 23:30:00
block-v1:DelftX+Calc001x+2T2016+type@problem+block@98e4be024d0641dd9856671a335fae80,Exam,1.0,2016-09-29 23:30:00
block-v1:DelftX+Calc001x+2T2016+type@problem+block@576d1d9e5fd2456384f4fa4314568b2a,2.8 Homework,1.0,2016-09-29 23:30:00
block-v1:DelftX+Calc001x+2T2016+type@problem+block@1b7cc6ef0cd44b20a4e16255a3f24446,4.6 Training sequence,1.0,
block-v1:DelftX+Calc001x+2T2016+type@problem+block@1a1a81a05c2c49f0ac9f84df6446b621,2.6 Training sequence,1.0,
block-v1:DelftX+Calc001x+2T2016+type@problem+block@ff01e61c17044407bc5379feccd28d61,2.6 Training sequence,1.0,
block-v1:DelftX+Calc001x+2T2016+type@problem+block@c9080242b7ec485189c8bc2d34dcb87e,1.2 Functions in general,1.0,2016-09-29 23:30:00
block-v1:DelftX+Calc001x+2T2016+type@problem+block@6496d1ab93ac4ffaa938fbf76c899002,4.6 Training sequence,1.0,
block-v1:DelftX+Calc001x+2T2016+type@problem+block@254a1d722238416f8dfbf60c8580c712,2.4 Exponential functions,1.0,2016-09-29 23:30:00
block-v1:DelftX+Calc001x+2T2016+type@problem+block@93e5f5c743034b7497a549143c9b813e,3.5 Training sequence,2.0,
block-v1:DelftX+Calc001x+2T2016+type@problem+block@1c4dc84d00f5499d9acfa069d1c5b510,2.6 Training sequence,1.0,
block-v1:DelftX+Calc001x+2T2016+type@problem+block@f1e83faa93f04a96beff0c0d922b1863,4.6 Training sequence,1.0,
block-v1:DelftX+Calc001x+2T2016+type@problem+block@ebb1d669b7fe47d2a26e9ba6a7fb385e,6.3 The Fundamental Theorem of Calculus,1.0,2016-09-29 23:30:00
block-v1:DelftX+Calc001x+2T2016+type@problem+block@adeee7bc2216491b98098054dcf8de7b,6.3 The Fundamental Theorem of Calculus,2.0,2016-09-29 23:30:00
block-v1:DelftX+Calc001x+2T2016+type@problem+block@278fb32b09254d6a8b974f2978e0e764,1.10 Homework,2.0,2016-09-29 23:30:00
block-v1:DelftX+Calc001x+2T2016+type@problem+block@9e103b70ec334b538f1dfebc5eef6f0e,4.6 Training sequence,1.0,
block-v1:DelftX+Calc001x+2T2016+type@problem+block@2449c9781b094f589c6816451253ae8d,2.8 Homework,1.0,2016-09-29 23:30:00
block-v1:DelftX+Calc001x+2T2016+type@problem+block@2a77a0a96d694cef80ad69be768fcb2b,5.3 Standard derivatives and rules of calculation,1.0,2016-09-29 23:30:00
block-v1:DelftX+Calc001x+2T2016+type@problem+block@39a124565ff940f9b2e644e637701f8a,3.5 Training sequence,2.0,
block-v1:DelftX+Calc001x+2T2016+type@problem+block@67519fc4f5fd46879b49d7f046cdf133,3.5 Training sequence,2.0,
block-v1:DelftX+Calc001x+2T2016+type@problem+block@b5cad42459914c2b8256951bd474a129,6.6 Training sequence,1.0,
block-v1:DelftX+Calc001x+2T2016+type@problem+block@0cc56c76bca94d2e9824d97bca70f153,6.4 Calculating integrals,1.0,2016-09-29 23:30:00
block-v1:DelftX+Calc001x+2T2016+type@problem+block@d2ce36b0d1ff4de5aa560ed8bcd113c2,Exam,4.0,2016-09-29 23:30:00
block-v1:DelftX+Calc001x+2T2016+type@problem+block@3a2018c9cfa84b67b5afef91a1484a09,1.8 Training sequence,1.0,
block-v1:DelftX+Calc001x+2T2016+type@problem+block@ab5a3c99d55d4ab98be63ec8543f3a0e,2.5 Inverses and logarithms,1.0,2016-09-29 23:30:00
block-v1:DelftX+Calc001x+2T2016+type@problem+block@a9b74d21069f4bb3a5cdffe167f81d9c,5.5 Non-differentiable functions,1.0,2016-09-29 23:30:00
block-v1:DelftX+Calc001x+2T2016+type@problem+block@32952af3e1e34a6c951af4afb30f9b15,2.6 Training sequence,1.0,
block-v1:DelftX+Calc001x+2T2016+type@problem+block@996780f97f314d2da64e2d5af64f9b58,5.7 Training sequence,1.0,
block-v1:DelftX+Calc001x+2T2016+type@problem+block@36ad599d718843cc89a83b77af8b7106,3.5 Training sequence,2.0,
block-v1:DelftX+Calc001x+2T2016+type@problem+block@fa64099b4855485789c7d702138904a4,4.6 Training sequence,1.0,
block-v1:DelftX+Calc001x+2T2016+type@problem+block@8dd293b59c194c7c9c001aa8f7fbd855,1.7 Continuity,1.0,2016-09-29 23:30:00
block-v1:DelftX+Calc001x+2T2016+type@problem+block@df290c43dfbe4610b48014138396f32f,2.5 Inverses and logarithms,1.0,2016-09-29 23:30:00
block-v1:DelftX+Calc001x+2T2016+type@problem+block@9f60de9d414741038978c1768e5d8961,6.3 The Fundamental Theorem of Calculus,2.0,2016-09-29 23:30:00
block-v1:DelftX+Calc001x+2T2016+type@problem+block@b44bf1391ef2407ca61238f25bfa47fc,6.6 Training sequence,1.0,
block-v1:DelftX+Calc001x+2T2016+type@problem+block@7c31590a817e41c7a1844af30c69c5b0,6.9 Homework,1.0,2016-09-29 23:30:00
block-v1:DelftX+Calc001x+2T2016+type@problem+block@fa29f13134704b5fb85a09e9b0253a82,2.5 Inverses and logarithms,1.0,2016-09-29 23:30:00
block-v1:DelftX+Calc001x+2T2016+type@problem+block@e6271e9297a04ef4a16dda49173e5297,5.9 Homework,2.0,2016-09-29 23:30:00
block-v1:DelftX+Calc001x+2T2016+type@problem+block@b923e13d7d1442b8ad035f791a0d78fa,5.7 Training sequence,1.0,
block-v1:DelftX+Calc001x+2T2016+type@problem+block@b15f7d22da0b4bd593ee6d29d6b4e715,4.9 University preview,1.0,
block-v1:DelftX+Calc001x+2T2016+type@problem+block@f30d6fddf050496c852a7a30d9b5318d,5.7 Training sequence,1.0,
block-v1:DelftX+Calc001x+2T2016+type@problem+block@4405f6f6cf82402caf30b51835736693,3.4 Overview of strategies,2.0,2016-09-29 23:30:00
block-v1:DelftX+Calc001x+2T2016+type@problem+block@ea4264cb636040b68a7076df4b7aaa3b,5.9 Homework,1.0,2016-09-29 23:30:00
block-v1:DelftX+Calc001x+2T2016+type@problem+block@f2dce4963171480e837f9eb81a56100a,5.2 Concept of differentiation,1.0,2016-09-29 23:30:00
block-v1:DelftX+Calc001x+2T2016+type@problem+block@24dca1c9897b4b5d8d6f7951a7c8dea3,2.8 Homework,1.0,2016-09-29 23:30:00
block-v1:DelftX+Calc001x+2T2016+type@problem+block@8365bb6e3f6b49cbaf366c23e234b520,6.5 Advanced integration techniques,1.0,2016-09-29 12:00:00
block-v1:DelftX+Calc001x+2T2016+type@problem+block@7dbb61e67dbf4acb98b25e7510605544,4.6 Training sequence,1.0,
block-v1:DelftX+Calc001x+2T2016+type@problem+block@bb5a4339d2b0406794ca3981519a7dc0,4.8 Homework,2.0,2016-09-29 23:30:00
block-v1:DelftX+Calc001x+2T2016+type@problem+block@1d263e13a7084f74a1a0ac10e66a21cf,5.7 Training sequence,1.0,
block-v1:DelftX+Calc001x+2T2016+type@problem+block@b210b44bcab6482a836f53ca5b197ce9,2.6 Training sequence,1.0,
block-v1:DelftX+Calc001x+2T2016+type@problem+block@e286f53752cd479291a2c034aa6c69ba,2.8 Homework,1.0,2016-09-29 23:30:00
block-v1:DelftX+Calc001x+2T2016+type@problem+block@eea812110acb45fb8cd460dad8cf28fd,1.10 Homework,1.0,2016-09-29 23:30:00
block-v1:DelftX+Calc001x+2T2016+type@problem+block@bd7f8d0cbdba4cba9c5528a3ed9c86f7,4.6 Training sequence,1.0,
block-v1:DelftX+Calc001x+2T2016+type@problem+block@5a4edb3353b840f29a9082b493f049a9,1.8 Training sequence,1.0,
block-v1:DelftX+Calc001x+2T2016+type@problem+block@572858410f7a499d96fab3f37d6589cb,1.8 Training sequence,1.0,
block-v1:DelftX+Calc001x+2T2016+type@problem+block@23df90c4c5e14f53a73deb78e148d6c7,"1.6 Domain, codomain and range",1.0,2016-09-29 23:30:00
block-v1:DelftX+Calc001x+2T2016+type@problem+block@85f3c07eec19414b95720dc46ee752ff,1.10 Homework,2.0,2016-09-29 23:30:00
block-v1:DelftX+Calc001x+2T2016+type@problem+block@8e7ed817b84543ae880313189df8ca8c,1.10 Homework,2.0,2016-09-29 23:30:00
block-v1:DelftX+Calc001x+2T2016+type@problem+block@826eaec1e9d142f5bdd410ea710e070c,1.8 Training sequence,1.0,
block-v1:DelftX+Calc001x+2T2016+type@problem+block@7e6994b4991f4be8bb27683aaa9983f6,5.7 Training sequence,1.0,
block-v1:DelftX+Calc001x+2T2016+type@problem+block@11779dc143ba43339b96c97d1891aeef,2.6 Training sequence,1.0,
block-v1:DelftX+Calc001x+2T2016+type@problem+block@d0d0cb9141a44e9fbce495c0bbc3447b,6.6 Training sequence,1.0,
block-v1:DelftX+Calc001x+2T2016+type@problem+block@f99134b1265f4b038cdc650249ccba8a,3.7 Homework,2.0,2016-09-29 23:30:00
block-v1:DelftX+Calc001x+2T2016+type@problem+block@daa2c0cf38bf41a48c7d4ffaf774987b,1.8 Training sequence,1.0,
block-v1:DelftX+Calc001x+2T2016+type@problem+block@0e403fd7b837433b8bfbf205ff0763b1,2.6 Training sequence,1.0,
block-v1:DelftX+Calc001x+2T2016+type@problem+block@a829be5402d045f2b1795b2b2e1d2d8a,2.5 Inverses and logarithms,1.0,2016-09-29 23:30:00
block-v1:DelftX+Calc001x+2T2016+type@problem+block@636b9315e2b843a8b5bd2ac9d08a9a89,1.3 Polynomials,0.0,2016-09-29 23:30:00
block-v1:DelftX+Calc001x+2T2016+type@problem+block@8eca21a0dc2e48f7bf0dff35e30a9f11,4.6 Training sequence,1.0,
block-v1:DelftX+Calc001x+2T2016+type@problem+block@8521813ea8264e888d1863c0bc82c8e8,1.10 Homework,4.0,2016-09-29 23:30:00
block-v1:DelftX+Calc001x+2T2016+type@problem+block@48a31ce9f878405ba7d8dd65d3cb8437,3.7 Homework,2.0,2016-09-29 23:30:00
block-v1:DelftX+Calc001x+2T2016+type@problem+block@ec63dfee963e430c97a561e41369d937,2.6 Training sequence,1.0,
block-v1:DelftX+Calc001x+2T2016+type@problem+block@f0b4a329ebf04693b1bbcbdc7a63e692,1.10 Homework,1.0,2016-09-29 23:30:00
block-v1:DelftX+Calc001x+2T2016+type@problem+block@9ce92b2f00a44df6933fc77ae415496b,1.8 Training sequence,1.0,
block-v1:DelftX+Calc001x+2T2016+type@problem+block@2245abc577eb483e90e6a9833c7e87a6,Exam,2.0,2016-09-29 23:30:00
block-v1:DelftX+Calc001x+2T2016+type@problem+block@238819bc08b84bb59ff36e39a6bb4990,1.3 Polynomials,1.0,2016-09-29 23:30:00
block-v1:DelftX+Calc001x+2T2016+type@problem+block@d989bf47420748c7bd6fd1b14d6c0f69,1.8 Training sequence,1.0,
block-v1:DelftX+Calc001x+2T2016+type@problem+block@3b7e4b5fb9a84b05ac3585c24729313b,Exam,1.0,2016-09-29 23:30:00
block-v1:DelftX+Calc001x+2T2016+type@problem+block@95956bf91e68445cae30c390e7b0744e,5.7 Training sequence,1.0,
block-v1:DelftX+Calc001x+2T2016+type@problem+block@71c282bf2e6c4ce4aaf572f0471a35fe,1.5 Power functions,1.0,2016-09-29 23:30:00
block-v1:DelftX+Calc001x+2T2016+type@problem+block@71fd380aff7a4f09aa8c44dad4346c1e,Exam,1.0,2016-09-29 23:30:00
block-v1:DelftX+Calc001x+2T2016+type@problem+block@3c526fcd0c6a466190a6e194909398a4,3.8 University preview,1.0,
block-v1:DelftX+Calc001x+2T2016+type@problem+block@57c1927d5d0c449e8e654b5ba81ebdf5,6.7 Extra material: further applications,0.0,
block-v1:DelftX+Calc001x+2T2016+type@problem+block@d6e4980f732d4fd7b37e751ff8af394f,1.10 Homework,1.0,2016-09-29 23:30:00
block-v1:DelftX+Calc001x+2T2016+type@problem+block@8e0bd74130c2445d80f7603f36f8ec10,1.10 Homework,2.0,2016-09-29 23:30:00
block-v1:DelftX+Calc001x+2T2016+type@problem+block@c9d46e0ebbd34fbebab0eed9e5f2d87f,5.6 Application: finding extremal values,1.0,2016-09-29 23:30:00
block-v1:DelftX+Calc001x+2T2016+type@problem+block@2c7203e1aa4348f1879b6bbbbc324b4b,5.7 Training sequence,1.0,
block-v1:DelftX+Calc001x+2T2016+type@problem+block@284107cd07514c148a1b860b5ea36519,Exam,2.0,2016-09-29 23:30:00
block-v1:DelftX+Calc001x+2T2016+type@problem+block@2ff416dd6f244fc7aacbaa130fafbb60,1.5 Power functions,1.0,2016-09-29 23:30:00
block-v1:DelftX+Calc001x+2T2016+type@problem+block@0688bff07070473dbcdaf442298c77c0,5.5 Non-differentiable functions,1.0,2016-09-29 23:30:00
block-v1:DelftX+Calc001x+2T2016+type@problem+block@1c256eb0b88a4becaf26890e2b2d7dae,2.5 Inverses and logarithms,1.0,2016-09-29 23:30:00
block-v1:DelftX+Calc001x+2T2016+type@problem+block@cd02243b50a2420f941c05b60d294488,3.5 Training sequence,1.0,
block-v1:DelftX+Calc001x+2T2016+type@problem+block@17487db043e446a48927b19b6cf698ed,1.10 Homework,1.0,2016-09-29 23:30:00
block-v1:DelftX+Calc001x+2T2016+type@problem+block@3a2b73a0dcc4466698a0b0de78500e34,3.5 Training sequence,2.0,
block-v1:DelftX+Calc001x+2T2016+type@problem+block@4a78f6b81ec44b17b02ad0ada28abec1,1.5 Power functions,1.0,2016-09-29 23:30:00
block-v1:DelftX+Calc001x+2T2016+type@problem+block@77059c5745e24a019f9378c767bbb41b,1.10 Homework,1.0,2016-09-29 23:30:00
block-v1:DelftX+Calc001x+2T2016+type@problem+block@a24546f90884454a9206f608e25dd2c1,6.6 Training sequence,1.0,
block-v1:DelftX+Calc001x+2T2016+type@problem+block@5753aad4699b41bb8efd293170ff73d3,5.3 Standard derivatives and rules of calculation,1.0,2016-09-29 23:30:00
block-v1:DelftX+Calc001x+2T2016+type@problem+block@25d8f78e7d2e4b5487fc2243ae268d5c,2.6 Training sequence,1.0,
block-v1:DelftX+Calc001x+2T2016+type@problem+block@ef5ab236ea1b48688129521eda649a67,5.5 Non-differentiable functions,1.0,2016-09-29 23:30:00
block-v1:DelftX+Calc001x+2T2016+type@problem+block@0d726ce055364da8a1354115c827baf0,5.6 Application: finding extremal values,1.0,2016-09-29 23:30:00
block-v1:DelftX+Calc001x+2T2016+type@problem+block@d3e6dac5fac14099bb4f2bb1a97a366b,3.3 Equations involving rational functions and square roots,2.0,2016-09-29 23:30:00
block-v1:DelftX+Calc001x+2T2016+type@problem+block@146e2debcc3f44e185c87524d317c10e,1.8 Training sequence,1.0,
block-v1:DelftX+Calc001x+2T2016+type@problem+block@3a3510059e254fcd86bcda9c33170a6f,1.8 Training sequence,1.0,
block-v1:DelftX+Calc001x+2T2016+type@problem+block@f72d19bc8c6742f9999171ebbeff3967,5.3 Standard derivatives and rules of calculation,1.0,2016-09-29 23:30:00
block-v1:DelftX+Calc001x+2T2016+type@problem+block@1934ab97981c4bf0a3d6d23a41599831,5.9 Homework,2.0,2016-09-29 23:30:00
block-v1:DelftX+Calc001x+2T2016+type@problem+block@42b3f2ac935b4ee38309becbb9ac3633,1.8 Training sequence,1.0,
block-v1:DelftX+Calc001x+2T2016+type@problem+block@20da055734a246c3ad576fbe625ce9ae,3.4 Overview of strategies,2.0,2016-09-29 23:30:00
block-v1:DelftX+Calc001x+2T2016+type@problem+block@d8fb4a989d0e4734829d6a7218267380,6.9 Homework,4.0,2016-09-29 23:30:00
block-v1:DelftX+Calc001x+2T2016+type@problem+block@1001be95cb0c43feaca62c4d02f322f6,3.5 Training sequence,1.0,
block-v1:DelftX+Calc001x+2T2016+type@problem+block@cadd5d3dd1b0443a92849fd35f0c0158,6.2 Concept of integration,1.0,2016-09-29 23:30:00
block-v1:DelftX+Calc001x+2T2016+type@problem+block@b578a19941d642a590b4c34fc3adb33d,2.6 Training sequence,1.0,
block-v1:DelftX+Calc001x+2T2016+type@problem+block@9a6f97111d7349f88b1e2abc9730830f,2.6 Training sequence,1.0,
block-v1:DelftX+Calc001x+2T2016+type@problem+block@6be5e35aab8d405a9696728759484cf2,Exam,1.0,2016-09-29 23:30:00
block-v1:DelftX+Calc001x+2T2016+type@problem+block@de7be3f12c2840bcac9b7739f9674cbc,2.6 Training sequence,1.0,
block-v1:DelftX+Calc001x+2T2016+type@problem+block@ec491414e9dd4fd78f5cbbe1958c0c64,3.5 Training sequence,2.0,
block-v1:DelftX+Calc001x+2T2016+type@problem+block@9027c4eeb1864653a69d04bd6e9d4dd1,Exam,1.0,2016-09-29 23:30:00
block-v1:DelftX+Calc001x+2T2016+type@problem+block@42e4daf51bc0429397a62682b3c61c69,Exam,2.0,2016-09-29 23:30:00
block-v1:DelftX+Calc001x+2T2016+type@problem+block@e470b75d2dd44ca79953c4b86e006e05,3.8 University preview,1.0,
block-v1:DelftX+Calc001x+2T2016+type@problem+block@43b4bfdffd9d42309598c9eceda536fc,3.7 Homework,2.0,2016-09-29 23:30:00
block-v1:DelftX+Calc001x+2T2016+type@problem+block@497853131a9b4744917da23e42c15115,3.5 Training sequence,2.0,
block-v1:DelftX+Calc001x+2T2016+type@problem+block@10a70797c7654306addbc443000f38b7,5.4 Tangent lines,1.0,2016-09-29 23:30:00
block-v1:DelftX+Calc001x+2T2016+type@problem+block@95533499bfab4680ba97fccbcc7dde7c,1.3 Polynomials,1.0,2016-09-29 23:30:00
block-v1:DelftX+Calc001x+2T2016+type@problem+block@d56b69112e004939a27091d88bc0d192,6.4 Calculating integrals,1.0,2016-09-29 23:30:00
block-v1:DelftX+Calc001x+2T2016+type@problem+block@538b2dff8c604528a6ec9415e1737397,6.9 Homework,1.0,2016-09-29 23:30:00
block-v1:DelftX+Calc001x+2T2016+type@problem+block@47bef051bb0240d3ae21d4c7c41791a3,3.5 Training sequence,2.0,
block-v1:DelftX+Calc001x+2T2016+type@problem+block@189b6db5c59842e59c565b84aacf9ba9,4.6 Training sequence,1.0,
block-v1:DelftX+Calc001x+2T2016+type@problem+block@782dbccc304c4a55accf74468d165e4f,4.8 Homework,2.0,2016-09-29 23:30:00
block-v1:DelftX+Calc001x+2T2016+type@problem+block@b2e00c6f338f439c9d9234276cd72aa9,1.5 Power functions,5.0,2016-09-29 23:30:00
block-v1:DelftX+Calc001x+2T2016+type@problem+block@a4df62b03de4414e840f6f707527bdb6,4.8 Homework,6.0,2016-09-29 23:30:00
block-v1:DelftX+Calc001x+2T2016+type@problem+block@1fa542a7654b48e38e8ab87f9b971517,1.10 Homework,2.0,2016-09-29 23:30:00
block-v1:DelftX+Calc001x+2T2016+type@problem+block@6d078831e0494ac9806104c9bffb0104,5.7 Training sequence,1.0,
block-v1:DelftX+Calc001x+2T2016+type@problem+block@0872a934deab4f1db071f9edab2cc912,6.7 Extra material: further applications,0.0,
block-v1:DelftX+Calc001x+2T2016+type@problem+block@a7aeeede2ef64f2295613a0c0d1a86e2,5.7 Training sequence,1.0,
block-v1:DelftX+Calc001x+2T2016+type@problem+block@6aea446ba8f4496b9b7ed19703c594ec,5.7 Training sequence,1.0,
block-v1:DelftX+Calc001x+2T2016+type@problem+block@94763fff8ee343aaabad9ad50910327e,4.6 Training sequence,1.0,
block-v1:DelftX+Calc001x+2T2016+type@problem+block@515a6eb415d74c41a807ace842be23a0,6.7 Extra material: further applications,0.0,
block-v1:DelftX+Calc001x+2T2016+type@problem+block@c412355fc53d46f78eafb5cba82214e6,3.5 Training sequence,2.0,
block-v1:DelftX+Calc001x+2T2016+type@problem+block@88eaff0e7b4c489582f52039a80de605,4.6 Training sequence,1.0,
block-v1:DelftX+Calc001x+2T2016+type@problem+block@c9656506a47e4660b1cf89d219f1af82,6.5 Advanced integration techniques,1.0,2016-09-29 12:00:00
block-v1:DelftX+Calc001x+2T2016+type@problem+block@3f0a5692afde4dc38b001308440c4bb8,2.2 Trigonometric functions,1.0,2016-09-29 23:30:00
block-v1:DelftX+Calc001x+2T2016+type@problem+block@2d1fa22bf9194dd5a1b225f06100440b,Exam,2.0,2016-09-29 23:30:00
block-v1:DelftX+Calc001x+2T2016+type@problem+block@a823a26a693446eb8693497626c5e9f6,2.6 Training sequence,1.0,
block-v1:DelftX+Calc001x+2T2016+type@problem+block@717007b5c8d943f580442b479d78ffd0,3.2 Equations involving polynomials,1.0,2016-09-29 23:30:00
block-v1:DelftX+Calc001x+2T2016+type@problem+block@47a30d6a802f4088814d7612682e96df,1.8 Training sequence,1.0,
block-v1:DelftX+Calc001x+2T2016+type@problem+block@a4d0084c2a8e41a2bad1f3d564bd413c,3.7 Homework,2.0,2016-09-29 23:30:00
block-v1:DelftX+Calc001x+2T2016+type@problem+block@8c848b55764a41589a629d06ab4c5ece,2.4 Exponential functions,1.0,2016-09-29 23:30:00
block-v1:DelftX+Calc001x+2T2016+type@problem+block@9556f7bef1674f49a4c82784cc4ba79f,6.6 Training sequence,1.0,
block-v1:DelftX+Calc001x+2T2016+type@problem+block@33b566c00b4e4f0d8981cf9b584c7006,1.3 Polynomials,1.0,2016-09-29 23:30:00
block-v1:DelftX+Calc001x+2T2016+type@problem+block@edb6889ebfe04127927de1e79f5334b0,5.7 Training sequence,1.0,
block-v1:DelftX+Calc001x+2T2016+type@problem+block@ad39796ca3e74f54a3e80140bfd4ec95,6.9 Homework,1.0,2016-09-29 23:30:00
block-v1:DelftX+Calc001x+2T2016+type@problem+block@67a88921c06c4ea5ad615e9516f56692,1.8 Training sequence,1.0,
block-v1:DelftX+Calc001x+2T2016+type@problem+block@e5701361224b40d1bd29af1a5f6a616a,1.8 Training sequence,1.0,
block-v1:DelftX+Calc001x+2T2016+type@problem+block@da6186fe4d8d404c9ac29f863b6db75b,6.9 Homework,2.0,2016-09-29 23:30:00
block-v1:DelftX+Calc001x+2T2016+type@problem+block@73bea083cbaf410fb6262a640654858c,6.6 Training sequence,1.0,
block-v1:DelftX+Calc001x+2T2016+type@problem+block@6f2330d65aad4e7a8f7e52e67138180e,2.2 Trigonometric functions,1.0,2016-09-29 23:30:00
block-v1:DelftX+Calc001x+2T2016+type@problem+block@4add2df11fbe4538b0c28010b484e458,"1.6 Domain, codomain and range",1.0,2016-09-29 23:30:00
block-v1:DelftX+Calc001x+2T2016+type@problem+block@8dca3504627a46a38381f370765537fb,5.7 Training sequence,1.0,
block-v1:DelftX+Calc001x+2T2016+type@problem+block@9e4d39f21c604ccaaf7894f2064be30b,5.7 Training sequence,1.0,
block-v1:DelftX+Calc001x+2T2016+type@problem+block@0f248246f97949c7998635b09f170196,6.7 Extra material: further applications,0.0,
block-v1:DelftX+Calc001x+2T2016+type@problem+block@c3b54f6830ec49f4bfb390bdec1451c9,3.7 Homework,2.0,2016-09-29 23:30:00
block-v1:DelftX+Calc001x+2T2016+type@problem+block@65fb6663925b4a1e87c6187baf5996a9,6.6 Training sequence,0.0,
block-v1:DelftX+Calc001x+2T2016+type@problem+block@98e749af1d4e450089791567dbb42fca,Exam,1.0,2016-09-29 23:30:00
block-v1:DelftX+Calc001x+2T2016+type@problem+block@a283943c00c0429c9c4dd1c75af8f68b,4.2 Equations involving trigonometric functions,2.0,2016-09-29 23:30:00
block-v1:DelftX+Calc001x+2T2016+type@problem+block@20153b3ade704b469f4bb42368bfa341,2.6 Training sequence,1.0,
block-v1:DelftX+Calc001x+2T2016+type@problem+block@c2483e03676c41c0bbb197cfd6d02324,6.5 Advanced integration techniques,1.0,2016-09-29 12:00:00
block-v1:DelftX+Calc001x+2T2016+type@problem+block@32d2476356c141aa94cb602ecf6cd30a,1.8 Training sequence,1.0,
block-v1:DelftX+Calc001x+2T2016+type@problem+block@de4995fe2b23489e8be2dbf71262500b,6.6 Training sequence,1.0,
block-v1:DelftX+Calc001x+2T2016+type@problem+block@f1abf21b9c754425a8ba1e272c450924,1.3 Polynomials,1.0,2016-09-29 23:30:00
block-v1:DelftX+Calc001x+2T2016+type@problem+block@641c0c8000334c68821d8780f2b8ba6e,2.6 Training sequence,1.0,
block-v1:DelftX+Calc001x+2T2016+type@problem+block@5391f8369c564003a304d315aa037a0d,5.7 Training sequence,1.0,
block-v1:DelftX+Calc001x+2T2016+type@problem+block@e527216da6d143468a190002350fa167,3.5 Training sequence,2.0,
block-v1:DelftX+Calc001x+2T2016+type@problem+block@aa782191e93049f7b8d50570e8714f46,6.5 Advanced integration techniques,1.0,2016-09-29 12:00:00
block-v1:DelftX+Calc001x+2T2016+type@problem+block@cb7720aafbb441e3b6fb8db392ea07d5,3.5 Training sequence,2.0,
block-v1:DelftX+Calc001x+2T2016+type@problem+block@50e5c398ca7a40a79ddae7dbbda67a06,6.6 Training sequence,1.0,
block-v1:DelftX+Calc001x+2T2016+type@problem+block@a990dee3a931477b8415e8f2fdea0262,1.8 Training sequence,1.0,
block-v1:DelftX+Calc001x+2T2016+type@problem+block@7f38fb6058014b869ffdb4ea587e311e,5.2 Concept of differentiation,1.0,2016-09-29 23:30:00
block-v1:DelftX+Calc001x+2T2016+type@problem+block@b7977bd7c08749f89a3d6fa69e51aa50,5.3 Standard derivatives and rules of calculation,1.0,2016-09-29 23:30:00
block-v1:DelftX+Calc001x+2T2016+type@problem+block@8f2df76327e54aa3a5543e142366aa98,1.7 Continuity,1.0,2016-09-29 23:30:00
block-v1:DelftX+Calc001x+2T2016+type@problem+block@a9073a97f371467eab5bc2f40a38aa32,1.2 Functions in general,1.0,2016-09-29 23:30:00
block-v1:DelftX+Calc001x+2T2016+type@problem+block@ffcfb74c432f47389ae9cbad9fced64c,1.8 Training sequence,1.0,
block-v1:DelftX+Calc001x+2T2016+type@problem+block@0e12ef0096c84bc6b66fe7921084ad19,4.6 Training sequence,2.0,
block-v1:DelftX+Calc001x+2T2016+type@problem+block@b83567683313479fb3ea6a51fec82239,6.7 Extra material: further applications,0.0,
block-v1:DelftX+Calc001x+2T2016+type@problem+block@bf86ac08e4fd4d98aa9b46a7498a3b1f,5.2 Concept of differentiation,1.0,2016-09-29 23:30:00
block-v1:DelftX+Calc001x+2T2016+type@problem+block@8ca019a669134a96a9e6b6a706760c96,6.6 Training sequence,1.0,
block-v1:DelftX+Calc001x+2T2016+type@problem+block@287d8489e77d4dfba9175e64a4f2c8ab,1.8 Training sequence,1.0,
block-v1:DelftX+Calc001x+2T2016+type@problem+block@869d00807bb540d788364492b71fc057,3.5 Training sequence,2.0,
block-v1:DelftX+Calc001x+2T2016+type@problem+block@53df0336d86e4eb98927b249835599a8,Exam,1.0,2016-09-29 23:30:00
block-v1:DelftX+Calc001x+2T2016+type@problem+block@387d85b768124f9db5d30acf59bb36be,4.8 Homework,2.0,2016-09-29 23:30:00
block-v1:DelftX+Calc001x+2T2016+type@problem+block@3838272e224545d499d3b4cc545253c5,2.5 Inverses and logarithms,1.0,2016-09-29 23:30:00
block-v1:DelftX+Calc001x+2T2016+type@problem+block@622fe11b929f413489af19f2d7ea90ea,2.8 Homework,1.0,2016-09-29 23:30:00
block-v1:DelftX+Calc001x+2T2016+type@problem+block@0fc60a36d2ae434a871deae0c37347b9,6.4 Calculating integrals,1.0,2016-09-29 23:30:00
block-v1:DelftX+Calc001x+2T2016+type@problem+block@9d2858bc7b134c86825e4075c5feab0e,5.7 Training sequence,1.0,
block-v1:DelftX+Calc001x+2T2016+type@problem+block@8a03489504e047af9688ee38aec2134b,5.9 Homework,2.0,2016-09-29 23:30:00
block-v1:DelftX+Calc001x+2T2016+type@problem+block@9f137f980e474a35b3b0efb83b9a41a8,Exam,1.0,2016-09-29 23:30:00
block-v1:DelftX+Calc001x+2T2016+type@problem+block@be14619970f244988dcb77cd55e06796,1.10 Homework,1.0,2016-09-29 23:30:00
block-v1:DelftX+Calc001x+2T2016+type@problem+block@813fd9febaaf4d29ac741ace825ff77f,Exam,1.0,2016-09-29 23:30:00
block-v1:DelftX+Calc001x+2T2016+type@problem+block@350c87a5c0dc49f39110c10c3700725d,1.2 Functions in general,1.0,2016-09-29 23:30:00
block-v1:DelftX+Calc001x+2T2016+type@problem+block@17161ce77196407ea01400cfa651c4f2,4.8 Homework,2.0,2016-09-29 23:30:00
block-v1:DelftX+Calc001x+2T2016+type@problem+block@5985d37b48424d34a9c6b9573fadf300,1.10 Homework,2.0,2016-09-29 23:30:00
block-v1:DelftX+Calc001x+2T2016+type@problem+block@59ee09e0bd9c4630b25eda29959823f3,2.6 Training sequence,1.0,
block-v1:DelftX+Calc001x+2T2016+type@problem+block@d45e4cfced0f41f2bc92bba8ad348a58,1.8 Training sequence,1.0,
block-v1:DelftX+Calc001x+2T2016+type@problem+block@d785e0a54bb043359469e21f45f43861,Exam,2.0,2016-09-29 23:30:00
block-v1:DelftX+Calc001x+2T2016+type@problem+block@5f47662656b44d86a365d7fc5f36571a,1.8 Training sequence,1.0,
block-v1:DelftX+Calc001x+2T2016+type@problem+block@9071e4c86ee24eb5ad25d59621f8d354,6.6 Training sequence,1.0,
block-v1:DelftX+Calc001x+2T2016+type@problem+block@dbfd6afbcdcc471599db9e23722094da,3.7 Homework,2.0,2016-09-29 23:30:00
block-v1:DelftX+Calc001x+2T2016+type@problem+block@3b6bdb089a114c8883d7a50c7a4d7f0d,6.6 Training sequence,1.0,
block-v1:DelftX+Calc001x+2T2016+type@problem+block@c9fe10bff52a411cba98907f66807226,1.7 Continuity,2.0,2016-09-29 23:30:00
block-v1:DelftX+Calc001x+2T2016+type@problem+block@a19a2dfad191499db283875035fed6dc,2.3 Compositions,1.0,2016-09-29 23:30:00
block-v1:DelftX+Calc001x+2T2016+type@problem+block@1d55852ce20245b2bf8cd438954c0362,3.5 Training sequence,1.0,
block-v1:DelftX+Calc001x+2T2016+type@problem+block@315b572c9ecc40b8912767c6669f08d9,2.6 Training sequence,1.0,
block-v1:DelftX+Calc001x+2T2016+type@problem+block@e054a89c5d084419ad82ce97d803b5c2,1.8 Training sequence,1.0,
block-v1:DelftX+Calc001x+2T2016+type@problem+block@67afac60f25a442ca0fb01726713ca26,Exam,2.0,2016-09-29 23:30:00
block-v1:DelftX+Calc001x+2T2016+type@problem+block@ef1b1cff16a54df3be48552bf82ffa92,4.8 Homework,2.0,2016-09-29 23:30:00
block-v1:DelftX+Calc001x+2T2016+type@problem+block@27183b6fc0d447e787719b55a13fd483,1.8 Training sequence,1.0,
block-v1:DelftX+Calc001x+2T2016+type@problem+block@2c38463102b5488a98d58dd712c0d961,5.9 Homework,2.0,2016-09-29 23:30:00
block-v1:DelftX+Calc001x+2T2016+type@problem+block@f66e95cd591f4e8cab494add9120b27e,Entering answers,0.0,
block-v1:DelftX+Calc001x+2T2016+type@problem+block@3e63f87a92fa4e23a89753e4a846e015,3.7 Homework,2.0,2016-09-29 23:30:00
block-v1:DelftX+Calc001x+2T2016+type@problem+block@23184fc3317b4aca9c7d91a2daa800fd,3.5 Training sequence,2.0,
block-v1:DelftX+Calc001x+2T2016+type@problem+block@0da8d2c5a1ae436b9ea1e049e3a055e5,1.8 Training sequence,1.0,
block-v1:DelftX+Calc001x+2T2016+type@problem+block@54cb16e8c42b4fc1861f54c49736175a,3.8 University preview,1.0,
block-v1:DelftX+Calc001x+2T2016+type@problem+block@bf2b91d1a5524a2e8b5723658721ea5c,5.3 Standard derivatives and rules of calculation,1.0,2016-09-29 23:30:00
block-v1:DelftX+Calc001x+2T2016+type@problem+block@8125ffefa5cc4890a534cd8518d428e6,1.8 Training sequence,1.0,
block-v1:DelftX+Calc001x+2T2016+type@problem+block@c16efaf4a014476c8a6986cae7843bd3,1.8 Training sequence,1.0,
block-v1:DelftX+Calc001x+2T2016+type@problem+block@c86da2f0a3d1475cbe9a3731ebb6f154,Exam,2.0,2016-09-29 23:30:00
block-v1:DelftX+Calc001x+2T2016+type@problem+block@71c1b8542a7e4e51b46c69ff94952952,5.7 Training sequence,1.0,
block-v1:DelftX+Calc001x+2T2016+type@problem+block@9bace119ac654652848a333905da01ee,3.5 Training sequence,2.0,
block-v1:DelftX+Calc001x+2T2016+type@problem+block@f35791f351ef4c7589b2941559f25d9b,2.6 Training sequence,1.0,
block-v1:DelftX+Calc001x+2T2016+type@problem+block@d363862998834390b8470f2a81a65185,3.5 Training sequence,2.0,
block-v1:DelftX+Calc001x+2T2016+type@problem+block@eaa9ce1875874264beb37fb08aa098ef,5.4 Tangent lines,1.0,2016-09-29 23:30:00
block-v1:DelftX+Calc001x+2T2016+type@problem+block@b76e446f33e945b69cd4933a2bf22f29,4.6 Training sequence,2.0,
block-v1:DelftX+Calc001x+2T2016+type@problem+block@ae643fd815694cfa81e18b19c9b3e74a,1.5 Power functions,1.0,2016-09-29 23:30:00
block-v1:DelftX+Calc001x+2T2016+type@problem+block@704d33372d5f46d4a5c6774f3ac5538d,6.2 Concept of integration,1.0,2016-09-29 23:30:00
block-v1:DelftX+Calc001x+2T2016+type@problem+block@721d0ca99982428b9f1dafa7670a5201,3.8 University preview,1.0,
block-v1:DelftX+Calc001x+2T2016+type@problem+block@5f0e508245844c81bf8f4c691ecfb1da,4.6 Training sequence,1.0,
block-v1:DelftX+Calc001x+2T2016+type@problem+block@60d5cfb05c344a4ea873786fd2e0019f,3.8 University preview,1.0,
block-v1:DelftX+Calc001x+2T2016+type@problem+block@704efbc457214b54b01957fd78f28cdc,5.3 Standard derivatives and rules of calculation,0.0,2016-09-29 23:30:00
block-v1:DelftX+Calc001x+2T2016+type@problem+block@97cfc78461fb48b39da61efe210e8e10,6.9 Homework,2.0,2016-09-29 23:30:00
block-v1:DelftX+Calc001x+2T2016+type@problem+block@516fbca290bb478f857a91d8a3b7dd2e,6.5 Advanced integration techniques,1.0,2016-09-29 12:00:00
block-v1:DelftX+Calc001x+2T2016+type@problem+block@1baf6f9959614354921b4047fc613645,2.6 Training sequence,1.0,
block-v1:DelftX+Calc001x+2T2016+type@problem+block@eada0afbc07446c0a1c9f90ebdd56347,1.5 Power functions,4.0,2016-09-29 23:30:00
block-v1:DelftX+Calc001x+2T2016+type@problem+block@b30dc939da354a2baf57067cb99a2af3,3.7 Homework,2.0,2016-09-29 23:30:00
block-v1:DelftX+Calc001x+2T2016+type@problem+block@a31885b8494842c3bfea64e9d6fcb6f2,5.7 Training sequence,1.0,
block-v1:DelftX+Calc001x+2T2016+type@problem+block@780ebed6288c451ab0af1188f1a1f8b6,Exam,1.0,2016-09-29 23:30:00
block-v1:DelftX+Calc001x+2T2016+type@problem+block@57c5aa64138a4327be6708dfff94654c,3.5 Training sequence,2.0,
block-v1:DelftX+Calc001x+2T2016+type@problem+block@5ff866373f404e7b869f1ff6b638f483,4.8 Homework,2.0,2016-09-29 23:30:00
block-v1:DelftX+Calc001x+2T2016+type@problem+block@b4bfb2c2b7e141d5a0a227841409b4e9,1.8 Training sequence,1.0,
block-v1:DelftX+Calc001x+2T2016+type@problem+block@02bab64969154edc91c774a3e673741f,2.6 Training sequence,1.0,
block-v1:DelftX+Calc001x+2T2016+type@problem+block@82aa4dc6c352476e9d2de3ad8c91edcf,2.5 Inverses and logarithms,1.0,2016-09-29 23:30:00
block-v1:DelftX+Calc001x+2T2016+type@problem+block@65bc3384ac514557a72d281d2dfb0e0b,6.9 Homework,2.0,2016-09-29 23:30:00
block-v1:DelftX+Calc001x+2T2016+type@problem+block@7e0619f167204f739ee575458c2daf15,3.5 Training sequence,2.0,
block-v1:DelftX+Calc001x+2T2016+type@problem+block@84262ea16f5a4dbcb22702f8e114513b,2.8 Homework,2.0,2016-09-29 23:30:00
block-v1:DelftX+Calc001x+2T2016+type@problem+block@04b103ed60874165996cabfd76f2347f,6.2 Concept of integration,1.0,2016-09-29 23:30:00
block-v1:DelftX+Calc001x+2T2016+type@problem+block@40a713f8c8c646ceb7f13fa25fe0e526,2.6 Training sequence,1.0,
block-v1:DelftX+Calc001x+2T2016+type@problem+block@31c2abd86279431587e48a6276c02108,4.3 Equations involving exps and logs,1.0,2016-09-29 23:30:00
block-v1:DelftX+Calc001x+2T2016+type@problem+block@6e484c55521a409db5d31661b9f3ee23,5.3 Standard derivatives and rules of calculation,1.0,2016-09-29 23:30:00
block-v1:DelftX+Calc001x+2T2016+type@problem+block@f443680899224fe8ba0578605e33826d,4.4 Inequalities,3.0,2016-09-29 23:30:00
block-v1:DelftX+Calc001x+2T2016+type@problem+block@3c1269cb96ce45a78d693d091a27ba31,1.3 Polynomials,0.0,2016-09-29 23:30:00
block-v1:DelftX+Calc001x+2T2016+type@problem+block@7f9a3a90f5ea415ebab2e77fd2350ec1,2.8 Homework,1.0,2016-09-29 23:30:00
block-v1:DelftX+Calc001x+2T2016+type@problem+block@0e6c76cbc4654f0894af62d93b47f7dd,4.8 Homework,2.0,2016-09-29 23:30:00
block-v1:DelftX+Calc001x+2T2016+type@problem+block@f5b4c9951fa8422888825e23c91774bf,5.7 Training sequence,1.0,
block-v1:DelftX+Calc001x+2T2016+type@problem+block@1c5ed51236094f9b9888090dc172d140,6.9 Homework,1.0,2016-09-29 23:30:00
block-v1:DelftX+Calc001x+2T2016+type@problem+block@9dc796224112428bb4a70766c474a461,6.6 Training sequence,1.0,
block-v1:DelftX+Calc001x+2T2016+type@problem+block@e75f66dacc014e7ab4dbfa98ef961166,2.6 Training sequence,1.0,
block-v1:DelftX+Calc001x+2T2016+type@problem+block@42865e1d332d4b0b8746e022e94243a6,5.7 Training sequence,1.0,
block-v1:DelftX+Calc001x+2T2016+type@problem+block@b3fa1049a62a4ea19c0f6d7e3bf725d3,4.6 Training sequence,1.0,
block-v1:DelftX+Calc001x+2T2016+type@problem+block@95e062ad5b784c90bbb150a28bf6e954,1.8 Training sequence,1.0,
