8521813ea8264e888d1863c0bc82c8e8,1.10 Homework,1
65a97c9349294bfab9af43908489b69e,1.10 Homework,1
13d57d9846e34c0091f54e746586f26a,1.10 Homework,1
c495c77ff9eb4568b0162cde5510f088,1.10 Homework,1
77059c5745e24a019f9378c767bbb41b,1.10 Homework,1
be14619970f244988dcb77cd55e06796,1.10 Homework,1
9e30b0e89b354f378676d7506c849daf,1.10 Homework,1
278fb32b09254d6a8b974f2978e0e764,1.10 Homework,1
8e7ed817b84543ae880313189df8ca8c,1.10 Homework,1
1fa542a7654b48e38e8ab87f9b971517,1.10 Homework,1
85f3c07eec19414b95720dc46ee752ff,1.10 Homework,1
f0b4a329ebf04693b1bbcbdc7a63e692,1.10 Homework,1
d3daa09705664eada96f67c7da7ac8c9,1.10 Homework,1
7d98f8e52c8b43cfa80a63e4b8455f6e,1.10 Homework,1
1b37ca86aa744901a54994520ccb111e,1.10 Homework,1
5545bb6f9f394c8293826fcedc815ef0,1.10 Homework,1
1881d803ae114dd6baad4cf6da203aec,1.10 Homework,1
17487db043e446a48927b19b6cf698ed,1.10 Homework,1
eea812110acb45fb8cd460dad8cf28fd,1.10 Homework,1
d6e4980f732d4fd7b37e751ff8af394f,1.10 Homework,1
4fbbf76e41894026a30f8330bc3d43b4,1.10 Homework,1
5985d37b48424d34a9c6b9573fadf300,1.10 Homework,1
0fe6ecce670e4cf394afc0a664ebf128,1.10 Homework,1
54357f70ace64ec58fdc94df0b64f28e,1.10 Homework,1
0628dfa9c16c45558ce81ccee036eae6,1.10 Homework,1
d9b67962e6b0432888dc0f68262554c9,1.10 Homework,1
69eadaf4e4e04c398ed592238fc99bad,1.10 Homework,1
5fa7d8cd25ff4533a9fa2d10a97fb57e,1.10 Homework,1
8e0bd74130c2445d80f7603f36f8ec10,1.10 Homework,1
e2bab07d8c464a9ca59888f6aee4511f,1.10 Homework,1
2ba70804e2e143759b5ee45dc0d3b716,1.2 Functions in general,1
f7fbe12e71f7484c88a8405337ee7189,1.2 Functions in general,1
082faebc408c45aa8c10fb544bb6f32c,1.2 Functions in general,1
a9073a97f371467eab5bc2f40a38aa32,1.2 Functions in general,1
350c87a5c0dc49f39110c10c3700725d,1.2 Functions in general,1
bd10858d47f04f7392249e8df80d219d,1.2 Functions in general,1
96fb3a46019944c7ae6f0e2a12f4c168,1.2 Functions in general,1
c9080242b7ec485189c8bc2d34dcb87e,1.2 Functions in general,1
6f684928851c4be584b823e67973d15a,1.3 Polynomials,1
4aa1434289f248588043c7180909bf05,1.3 Polynomials,1
636b9315e2b843a8b5bd2ac9d08a9a89,1.3 Polynomials,1
33b566c00b4e4f0d8981cf9b584c7006,1.3 Polynomials,1
3c1269cb96ce45a78d693d091a27ba31,1.3 Polynomials,1
1362c7d69788407f85529f8e5ab3ddc7,1.3 Polynomials,1
4edd953ca3d04a04a10747a105b17058,1.3 Polynomials,1
76a7322fbed94806a09292a0d7ddc8aa,1.3 Polynomials,1
6ab187b2eb414983a8545a62d6d60ab2,1.3 Polynomials,1
5cecf955632a438e99c45c1d5682a878,1.3 Polynomials,1
abdad2b8f9374ceca39d5aca328a654a,1.3 Polynomials,1
9e42e91cf1154b04ad9c0abbd775ea74,1.3 Polynomials,1
d4da0b7885dc4c82b06758496fac2cd1,1.3 Polynomials,1
238819bc08b84bb59ff36e39a6bb4990,1.3 Polynomials,1
be296fa9f69c4fb7ab7dea47e56c7294,1.3 Polynomials,1
95533499bfab4680ba97fccbcc7dde7c,1.3 Polynomials,1
f1abf21b9c754425a8ba1e272c450924,1.3 Polynomials,1
61ecb7542a7640568850004f2aab33ac,1.4 Rational functions,1
2bb6beb023d2490099e87550367e9aeb,1.4 Rational functions,1
fadb1dc98b1a4e12b9985dd7fb86abab,1.4 Rational functions,1
aa388919bac34a3f8049335158079602,1.4 Rational functions,1
4ebf4fe6f46a4a31ab892bc6e7ac29b1,1.4 Rational functions,1
eada0afbc07446c0a1c9f90ebdd56347,1.5 Power functions,1
71c282bf2e6c4ce4aaf572f0471a35fe,1.5 Power functions,1
2ff416dd6f244fc7aacbaa130fafbb60,1.5 Power functions,1
4a78f6b81ec44b17b02ad0ada28abec1,1.5 Power functions,1
ae643fd815694cfa81e18b19c9b3e74a,1.5 Power functions,1
66135070a6544a31921435ad090f65e2,1.5 Power functions,1
b2e00c6f338f439c9d9234276cd72aa9,1.5 Power functions,1
9989ecd162e6443aaac0e6a33bdeadb9,1.6 Domain,1
a592a2cab9464284b8de5224e9e91fff,1.6 Domain,1
6ceefaa7962f4a1dae6c3421793eede5,1.6 Domain,1
258f576416734867a8a5a432bc729b72,1.6 Domain,1
746fc2eeff3046479032679f65ec7fb0,1.6 Domain,1
23df90c4c5e14f53a73deb78e148d6c7,1.6 Domain,1
4add2df11fbe4538b0c28010b484e458,1.6 Domain,1
5456c57a5da541a7a1b7ec18f42a6d4f,1.7 Continuity,1
8dd293b59c194c7c9c001aa8f7fbd855,1.7 Continuity,1
8f2df76327e54aa3a5543e142366aa98,1.7 Continuity,1
c9fe10bff52a411cba98907f66807226,1.7 Continuity,1
495b2fda50fc4d40a3fcf64c21247b7f,2.2 Trigonometric functions,1
045ed9dbb2dd48b388e8fe2af04b3535,2.2 Trigonometric functions,1
800196b9c48e45b1813565849750aa53,2.2 Trigonometric functions,1
3f0a5692afde4dc38b001308440c4bb8,2.2 Trigonometric functions,1
35d1332de61d4a4191c333ac754c9276,2.2 Trigonometric functions,1
6f2330d65aad4e7a8f7e52e67138180e,2.2 Trigonometric functions,1
a38764786fa04c54884eeb69ffa5d0b8,2.2 Trigonometric functions,1
0b9e7ff8f56f444cbe896049542cd859,2.2 Trigonometric functions,1
17c133ea4d6446f3985b35c0b02e6700,2.3 Compositions,1
dfb7988742524005adb8399eeb693afc,2.3 Compositions,1
3e24ef99409b4263859d5475d6b718cd,2.3 Compositions,1
a19a2dfad191499db283875035fed6dc,2.3 Compositions,1
254a1d722238416f8dfbf60c8580c712,2.4 Exponential functions,1
8c848b55764a41589a629d06ab4c5ece,2.4 Exponential functions,1
9b0fce0fbc0043e998fab2633e05c83a,2.4 Exponential functions,1
e03a2df9472a43efb12effd439faec1c,2.4 Exponential functions,1
10a1841e69c14a66a07f5bf26240b3b6,2.5 Inverses and logarithms,1
9c7bba4ea6e34d79940edf9840d911b7,2.5 Inverses and logarithms,1
a669d4f08a5546a5a485d305dcbf1c20,2.5 Inverses and logarithms,1
458ac75b943740e2b3d9e92ad4067b0d,2.5 Inverses and logarithms,1
3838272e224545d499d3b4cc545253c5,2.5 Inverses and logarithms,1
b3a76e5cb0dc46f39e7c080dd5228c9b,2.5 Inverses and logarithms,1
09cd996fecec45bba1da5f123d087e1c,2.5 Inverses and logarithms,1
2b25737ef66d4824a9bd70eb3559c7be,2.5 Inverses and logarithms,1
df290c43dfbe4610b48014138396f32f,2.5 Inverses and logarithms,1
fa29f13134704b5fb85a09e9b0253a82,2.5 Inverses and logarithms,1
5e6802b61b974c178fe298f1c3f86b64,2.5 Inverses and logarithms,1
ab5a3c99d55d4ab98be63ec8543f3a0e,2.5 Inverses and logarithms,1
1c256eb0b88a4becaf26890e2b2d7dae,2.5 Inverses and logarithms,1
82aa4dc6c352476e9d2de3ad8c91edcf,2.5 Inverses and logarithms,1
a829be5402d045f2b1795b2b2e1d2d8a,2.5 Inverses and logarithms,1
3a97b1ac00614572985f0f7691673d5d,2.5 Inverses and logarithms,1
d475e8618164495ebfa7fe178ce72d64,2.8 Homework,1
cc19985b3adc4b6f9f4cc894839a9d54,2.8 Homework,1
c9640c4d99a7441f9349fced149ba6bd,2.8 Homework,1
01068c1db26b40bca5462c480d0e7b57,2.8 Homework,1
a34d179d179649828a03dd27e2ccb657,2.8 Homework,1
3e99443e3428439db7499ec4d7b31e81,2.8 Homework,1
c55c53dfd1d84f10a80bbe458e9ac9b4,2.8 Homework,1
2449c9781b094f589c6816451253ae8d,2.8 Homework,1
e286f53752cd479291a2c034aa6c69ba,2.8 Homework,1
ff71df0889884359916c8c6de8e31aa4,2.8 Homework,1
2e08484cdb42434cbabd435621371603,2.8 Homework,1
24dca1c9897b4b5d8d6f7951a7c8dea3,2.8 Homework,1
0f3f4ff1ef3941af8fc76bdd947d2102,2.8 Homework,1
84262ea16f5a4dbcb22702f8e114513b,2.8 Homework,1
5bbe2e7042104dc6bf127a0b09772b4f,2.8 Homework,1
36eb1e44fa0545f1aa6db32ae60ca5ab,2.8 Homework,1
a5b5d97280ea454ab3849f2e36ee1bc2,2.8 Homework,1
576d1d9e5fd2456384f4fa4314568b2a,2.8 Homework,1
622fe11b929f413489af19f2d7ea90ea,2.8 Homework,1
7f9a3a90f5ea415ebab2e77fd2350ec1,2.8 Homework,1
99c51cdff8a6456db534624184580c20,3.2 Equations involving polynomials,1
33af66f667334099befd550ea6fe2965,3.2 Equations involving polynomials,1
717007b5c8d943f580442b479d78ffd0,3.2 Equations involving polynomials,1
47a07b3923ed4ccba4eeae19bdf1f807,3.2 Equations involving polynomials,1
42c54b19226542bfb6789151b10ed4c0,3.3 Equations involving rational functions and square roots,1
d3e6dac5fac14099bb4f2bb1a97a366b,3.3 Equations involving rational functions and square roots,1
929f9a19a4254163890f3120f20d98ca,3.3 Equations involving rational functions and square roots,1
7c9eb6c233ec48daad2bb544375a8e36,3.3 Equations involving rational functions and square roots,1
3247cf8869e54c3a907e9d8110bc529f,3.4 Overview of strategies,1
e2a5f5da11f548dd8e222cb1caba83ef,3.4 Overview of strategies,1
20da055734a246c3ad576fbe625ce9ae,3.4 Overview of strategies,1
702e99d61671431ea38ab3721241572a,3.4 Overview of strategies,1
47dd306f65664364a5f4f9b41aa46e56,3.4 Overview of strategies,1
4405f6f6cf82402caf30b51835736693,3.4 Overview of strategies,1
ba92a7621f464585ab727eba11776323,3.7 Homework,1
eca7aeaff7ea48658d92aa97dbbbb834,3.7 Homework,1
b9bce55b504945d7822b92d7f91204fe,3.7 Homework,1
ea2c07d6b1444aa3a02005123de3decf,3.7 Homework,1
670af6ba185c45bb8a224b60df7e097b,3.7 Homework,1
58f6849b3ee54cbe9126ea588fbd6c0e,3.7 Homework,1
b68a66cd07fd430cbbfc37019e456f0c,3.7 Homework,1
f99134b1265f4b038cdc650249ccba8a,3.7 Homework,1
48a31ce9f878405ba7d8dd65d3cb8437,3.7 Homework,1
c3b54f6830ec49f4bfb390bdec1451c9,3.7 Homework,1
dbfd6afbcdcc471599db9e23722094da,3.7 Homework,1
3e63f87a92fa4e23a89753e4a846e015,3.7 Homework,1
a4d0084c2a8e41a2bad1f3d564bd413c,3.7 Homework,1
705cec28367146cda4d4b048f0ba72b8,3.7 Homework,1
2252ba3c873b4afb8e42be10f2ba4b16,3.7 Homework,1
43b4bfdffd9d42309598c9eceda536fc,3.7 Homework,1
b30dc939da354a2baf57067cb99a2af3,3.7 Homework,1
2b1c5bcde17842939432d337476b0ac9,4.2 Equations involving trigonometric functions,1
a283943c00c0429c9c4dd1c75af8f68b,4.2 Equations involving trigonometric functions,1
bf89fdec22644103b858e9e121ed21a0,4.3 Equations involving exps and logs,1
31c2abd86279431587e48a6276c02108,4.3 Equations involving exps and logs,1
bc31b55b0e7341b69c960abfa255bd7f,4.4 Inequalities,1
924aeb823aeb435faa25bafeef22f435,4.4 Inequalities,1
c24b49b019db41dcbd8a9c435b8e2aad,4.4 Inequalities,1
f443680899224fe8ba0578605e33826d,4.4 Inequalities,1
3091ad9e20fe4bb597535511a050448b,4.4 Inequalities,1
b8e0c0f52d5c448492404a9fa9259675,4.5 Systems of equations,1
21135af3400446958a77f10dc8015697,4.5 Systems of equations,1
b7a0072a38584f97abfe39cd2cb774bc,4.5 Systems of equations,1
957fa2474b8142ebb28701f9bf677fb9,4.8 Homework,1
b7de012a3e254a45ba790d6592dba161,4.8 Homework,1
bb5a4339d2b0406794ca3981519a7dc0,4.8 Homework,1
17161ce77196407ea01400cfa651c4f2,4.8 Homework,1
a4df62b03de4414e840f6f707527bdb6,4.8 Homework,1
3815bffbd9bf4ad393ad0f91f0284b5d,4.8 Homework,1
f4beffd8cc7347a4a030fe1b22d8a818,4.8 Homework,1
0572e10fc74d40169a9c7d436af29557,4.8 Homework,1
387d85b768124f9db5d30acf59bb36be,4.8 Homework,1
ef1b1cff16a54df3be48552bf82ffa92,4.8 Homework,1
5ff866373f404e7b869f1ff6b638f483,4.8 Homework,1
90672a5a0f214751a111175301abf8c3,4.8 Homework,1
bdf78650a6674e16925cef1711a7b159,4.8 Homework,1
782dbccc304c4a55accf74468d165e4f,4.8 Homework,1
0e6c76cbc4654f0894af62d93b47f7dd,4.8 Homework,1
ed628b9f9d7940f089339143af5cd9f8,5.2 Concept of differentiation,1
031e8a4044924a3eb8d5d890fed1cc22,5.2 Concept of differentiation,1
bf86ac08e4fd4d98aa9b46a7498a3b1f,5.2 Concept of differentiation,1
d9db4bde91df4150a54006d519c1345b,5.2 Concept of differentiation,1
de2f0f9815304ea69c5ea7d01cc755c5,5.2 Concept of differentiation,1
f2dce4963171480e837f9eb81a56100a,5.2 Concept of differentiation,1
893f7524ed18493ab8a455bf28bd2401,5.2 Concept of differentiation,1
7f38fb6058014b869ffdb4ea587e311e,5.2 Concept of differentiation,1
c564d0e78a914ffa81be385205a6350a,5.3 Standard derivatives and rules of calculation,1
2a77a0a96d694cef80ad69be768fcb2b,5.3 Standard derivatives and rules of calculation,1
5753aad4699b41bb8efd293170ff73d3,5.3 Standard derivatives and rules of calculation,1
bf2b91d1a5524a2e8b5723658721ea5c,5.3 Standard derivatives and rules of calculation,1
f72d19bc8c6742f9999171ebbeff3967,5.3 Standard derivatives and rules of calculation,1
b7977bd7c08749f89a3d6fa69e51aa50,5.3 Standard derivatives and rules of calculation,1
c6ca4644e5614c3d87a95ea83b9207ef,5.3 Standard derivatives and rules of calculation,1
704efbc457214b54b01957fd78f28cdc,5.3 Standard derivatives and rules of calculation,1
9929f8ce5d94474c8daf7ae7b83754ae,5.3 Standard derivatives and rules of calculation,1
d0d7f21b4138407a98c03e01a8f63ae1,5.3 Standard derivatives and rules of calculation,1
392bb358c6f4408689cd8b115264201b,5.3 Standard derivatives and rules of calculation,1
6e484c55521a409db5d31661b9f3ee23,5.3 Standard derivatives and rules of calculation,1
10a70797c7654306addbc443000f38b7,5.4 Tangent lines,1
6587d802b2b4478f83df39917c51e35f,5.4 Tangent lines,1
8786b6f66eec432ea8c23ba28cdd06e2,5.4 Tangent lines,1
eaa9ce1875874264beb37fb08aa098ef,5.4 Tangent lines,1
a9b74d21069f4bb3a5cdffe167f81d9c,5.5 Non-differentiable functions,1
0688bff07070473dbcdaf442298c77c0,5.5 Non-differentiable functions,1
ef5ab236ea1b48688129521eda649a67,5.5 Non-differentiable functions,1
f11ca7b366344ef19a4fc680b19de2c9,5.6 Application: finding extremal values,1
25863c4b38eb4bf88e3f82b992f4b8bb,5.6 Application: finding extremal values,1
c9d46e0ebbd34fbebab0eed9e5f2d87f,5.6 Application: finding extremal values,1
0d726ce055364da8a1354115c827baf0,5.6 Application: finding extremal values,1
a6e6aa951fce43ad833a31c77a669904,5.9 Homework,1
9167080a18814100bd325ff53da77f2c,5.9 Homework,1
e6271e9297a04ef4a16dda49173e5297,5.9 Homework,1
2c38463102b5488a98d58dd712c0d961,5.9 Homework,1
1934ab97981c4bf0a3d6d23a41599831,5.9 Homework,1
a16350658d1a404f8594ca5a3f36b503,5.9 Homework,1
cdbb447f408f4c8cac7bdbc6ea676bd7,5.9 Homework,1
e0d9ce0132234f51b842a9e5e2aedc9c,5.9 Homework,1
7e97f8e7b4c54c3ab2f39c4773c28140,5.9 Homework,1
25b45245504d4e3989e3454cceefc74d,5.9 Homework,1
ac3a154eceb9485b8d4b1173cdaebc54,5.9 Homework,1
19b9b6fcf2754545837ec974d1c6f65e,5.9 Homework,1
ea4264cb636040b68a7076df4b7aaa3b,5.9 Homework,1
8a03489504e047af9688ee38aec2134b,5.9 Homework,1
e52ee5d82fdb45f8bbe7997bab4a727d,5.9 Homework,1
b034b2a9f4a14a07a2f48fa79be87e1e,6.2 Concept of integration,1
ad0618b3a0dc49cebd7599c76bf7a111,6.2 Concept of integration,1
68deeb3e411b4bb487a40ec5e36a3b49,6.2 Concept of integration,1
cadd5d3dd1b0443a92849fd35f0c0158,6.2 Concept of integration,1
04b103ed60874165996cabfd76f2347f,6.2 Concept of integration,1
b442fedf1e094cc78a1b3d0478be3154,6.2 Concept of integration,1
431fa0f2328342ceb98a0e4e70af3975,6.2 Concept of integration,1
704d33372d5f46d4a5c6774f3ac5538d,6.2 Concept of integration,1
ebb1d669b7fe47d2a26e9ba6a7fb385e,6.3 The Fundamental Theorem of Calculus,1
a1d877e0db4b48289fe13d2289fd7cad,6.3 The Fundamental Theorem of Calculus,1
9f60de9d414741038978c1768e5d8961,6.3 The Fundamental Theorem of Calculus,1
e14753bc6ef34a0b9ba3a139593df136,6.3 The Fundamental Theorem of Calculus,1
79f2cfd9d9c54416858ad45d0b4503ab,6.3 The Fundamental Theorem of Calculus,1
adeee7bc2216491b98098054dcf8de7b,6.3 The Fundamental Theorem of Calculus,1
668ee287657f46d6bb8c2a816e1250f3,6.4 Calculating integrals,1
0cc56c76bca94d2e9824d97bca70f153,6.4 Calculating integrals,1
0fc60a36d2ae434a871deae0c37347b9,6.4 Calculating integrals,1
4f563be0ed53411a92fbd595f814846b,6.4 Calculating integrals,1
d56b69112e004939a27091d88bc0d192,6.4 Calculating integrals,1
f51930859b5946b195d4c503892f67ce,6.4 Calculating integrals,1
060e9de62fb746759208c795a1a375d0,6.4 Calculating integrals,1
6c60897f6f504d00a7c58b1a822a6647,6.4 Calculating integrals,1
0ebbdf8dcf364da4980a7475292a0dc6,6.5 Advanced integration techniques,1
d0089d680a7949b69329bf60fe5ce4e0,6.5 Advanced integration techniques,1
0710375ee03343d4a159d2031d21cb1e,6.5 Advanced integration techniques,1
87e50196a1be47798270047703cd75ca,6.5 Advanced integration techniques,1
0031b68155d9429ca48ecc88f2607d39,6.5 Advanced integration techniques,1
c86550d7beae4c1ca2dee06bca79eb27,6.5 Advanced integration techniques,1
8365bb6e3f6b49cbaf366c23e234b520,6.5 Advanced integration techniques,1
ae08fdd271d54594a847ce825cdb4f51,6.5 Advanced integration techniques,1
c9656506a47e4660b1cf89d219f1af82,6.5 Advanced integration techniques,1
f7ef2c01c7cc44349482c017a0bee8d6,6.5 Advanced integration techniques,1
73dd2b73cb9240f79285e79f3c521772,6.5 Advanced integration techniques,1
e12cedcfaa30443c9457faa74057ba99,6.5 Advanced integration techniques,1
516fbca290bb478f857a91d8a3b7dd2e,6.5 Advanced integration techniques,1
c2483e03676c41c0bbb197cfd6d02324,6.5 Advanced integration techniques,1
aa782191e93049f7b8d50570e8714f46,6.5 Advanced integration techniques,1
d9ddd88c49d840919fda0d35c058fe39,6.9 Homework,1
69a3a3a1c64d4ab4a5a52319c4e92c1d,6.9 Homework,1
5ad0fe89ae1247eb8e51f86b6ec8dae5,6.9 Homework,1
7c31590a817e41c7a1844af30c69c5b0,6.9 Homework,1
538b2dff8c604528a6ec9415e1737397,6.9 Homework,1
65bc3384ac514557a72d281d2dfb0e0b,6.9 Homework,1
099b6c03ada9411caa28259025128f56,6.9 Homework,1
0423756611ea4753804646f0dd1acc43,6.9 Homework,1
ad39796ca3e74f54a3e80140bfd4ec95,6.9 Homework,1
0306fe6f74384b9da89f7e5c63de287b,6.9 Homework,1
66d459edf1f44d23908004fa143ecde6,6.9 Homework,1
659891e414e44fcbb61df15419414fa9,6.9 Homework,1
97cfc78461fb48b39da61efe210e8e10,6.9 Homework,1
18e39a549efb4b12ae99436e9c93af62,6.9 Homework,1
d8fb4a989d0e4734829d6a7218267380,6.9 Homework,1
da6186fe4d8d404c9ac29f863b6db75b,6.9 Homework,1
1c5ed51236094f9b9888090dc172d140,6.9 Homework,1
4b94b3e6631646069839cb97032ffb7d,6.9 Homework,1
23be603284474d4aa11db322a623ffe7,Exam,1
22b99fffab9f4e62a46a8982e7b4fc8d,Exam,1
034407c42112437a81f372ffbcf80dfb,Exam,1
2245abc577eb483e90e6a9833c7e87a6,Exam,1
2d1fa22bf9194dd5a1b225f06100440b,Exam,1
9f137f980e474a35b3b0efb83b9a41a8,Exam,1
072679110ba54d5ab342a0bbc408faa9,Exam,1
9ced609357f74b37ba462cdfb0949687,Exam,1
d5bb2ad4d852454bb9ec8db3d7201b21,Exam,1
eadb49724a994366ba23a885b5f88c4c,Exam,1
c86da2f0a3d1475cbe9a3731ebb6f154,Exam,1
f35fd69c1d374ae0ace2b35acbf4dd19,Exam,1
70736cbd8715409fa4976d2f65bad27b,Exam,1
6573f09f2abf4357b2ee89dcdf89a8e5,Exam,1
d5fbaf3022b74845a725a84505b5ce2d,Exam,1
d06fd7d90311474c9432858749cca786,Exam,1
4cf7ee71765b4d27ba1c79748f56314d,Exam,1
e0809f2ccb17435397363f54d85b6a10,Exam,1
3b7e4b5fb9a84b05ac3585c24729313b,Exam,1
6be5e35aab8d405a9696728759484cf2,Exam,1
9027c4eeb1864653a69d04bd6e9d4dd1,Exam,1
42e4daf51bc0429397a62682b3c61c69,Exam,1
98e749af1d4e450089791567dbb42fca,Exam,1
d785e0a54bb043359469e21f45f43861,Exam,1
d2ce36b0d1ff4de5aa560ed8bcd113c2,Exam,1
780ebed6288c451ab0af1188f1a1f8b6,Exam,1
df10032890e84932b743edc29544b158,Exam,1
a3446dfe459b4c9ea56db7fc1ed62b39,Exam,1
a9fb0337d6a4489c9db6dda2fdeaf7cd,Exam,1
dce5b23857654eafaa1234e5089cd79b,Exam,1
353eef44d8fc46108d28a612d75e4f84,Exam,1
71fd380aff7a4f09aa8c44dad4346c1e,Exam,1
284107cd07514c148a1b860b5ea36519,Exam,1
53df0336d86e4eb98927b249835599a8,Exam,1
67afac60f25a442ca0fb01726713ca26,Exam,1
a71a8320d4774bfdb14e75206224d878,Exam,1
2e04b72a0efa44528623f7d4f2382e3c,Exam,1
9ed84843ab5d4d4090385ffaa0e9fffc,Exam,1
98e4be024d0641dd9856671a335fae80,Exam,1
813fd9febaaf4d29ac741ace825ff77f,Exam,1
