526bb40b7ebe4caba91211023505dc24,219
288249faa8f14a5d82834d2a3af286e0,218
8c90e0fd7b1345298663e692301423b4,289
d5dd2f72e6b247748b6e0aaf46b658d0,302
7393735ff418456b83772d6bd0d8e319,374
738638ee9d2042b49e93a5919b86d3a9,521
30e70daa0a1047ebb79d5dc499f3efe8,379
e5eed34818c24b2997f76b39081c3a59,336
f1a649f18108474aa1571b22e5c1cbda,138
e7f8e0f597c44a2fa1cfe4075cb66db4,75
4d35d7a59f39484c91c5289c4cbf0fe1,316
ba6c58afe5f6451aacddc03c6284b15f,356
1ec78976e7924e5f9abea98520b15810,462
a619a68977b846ad94b8ea337a557ccb,338
c76bb1a1b3174e03b1f7222487f655a1,477
000d3385a17c4d13844a3ad488c74f3d,366
4431ff105ba841ce9cf8dca7a6909fb4,101
2e6ffb5c8c764611b75b5da30e12ba35,113
aefb371960254d2fa28a2f2c1c4993ef,258
7fa00621afd04092bbd92200c2dc8897,333
1cdbbfc293ce498487220beea8351743,312
a7e300a1438b485bbc2dc2b2b10bd7f7,364
31f5f1331f7c4c4ba0b00afe9c9de6c0,358
9d8668b7a7a04970b6eeb018f740cb20,348
8f6188f815cf4f60bd46ef9e4feca07b,502
1d0f45909162425e9d6744d921652702,192
14b94e1ab5bf42529280b767e5caff56,297
b0c101a776214d9a9bba3c6b9cdc007d,351
9d3426b78e22492787b80480b24f617e,319
9994005268904d00962e3f3fa830b1c9,402
013fe688a1564bc8b78397a449c82909,240
8a4d07cb34dc46869ac29a7a84aaa566,419
001b255f092b4aeb9f8ff135d4b0b75a,97
8791061ad70d49ada221f6c791b25d1e,62
5ca07e6d50fe4396b5ddf2df6e58355c,343
4a65e66806e74381af7859f125e25e56,322
18edff6795de4bd89f0ebf2d6d723253,483
6c6a44371d0f464cb82a407e77fb9fae,346
1349ec6061d94d1eb538f43ed16ee2bc,165
39aa80af674f404dbe0af6497bd544af,120
3e89917739d0408fa9395b423639514f,392
c91b5a8c55d243158d3536f136215008,206
16b5a07b1ac44c7fae8719fe516297ff,125
7a3ed405adfc49388b98b1bce83068dd,390
43846f8717ed4c38ba69444a72f30c28,225
7d5a539aca4246a4a989335d7c9252d8,245
7ac337d2e93c4eb6b510a21c79b98bb9,113
628d95a855fb4d078274ed9a515fb701,392
e9fbf5f395414bf0bba1b3b1569023e8,171
9f803eed17474f4194972d0a541ec4aa,319
2d22b7ec30f742d69cf36ad816fa8d37,352
0b8c79e719194942a6c35c09d88118e8,251
fd46ba699688453bbc893fbf925102c7,394
6630df5c0a614137a85b2c8d9c826b4e,135
d90bb588955e4e67ad5fbfd026d4eb3d,196
b5492bd0b10b4e6ca692298512070198,381
8dcb86652391472c9b46a6ed8270bac1,300
4a9046a1b627427fbf8d0f5a15340f81,61
5bd8aaf4f0944e97a693ac1169f4448a,259
32c239e3ca604db6b883322d0ef31ab4,328
f229e87c8f424d258ec36fad29b82c36,141
9933e4d5b00f414485cd948ef2372fca,369
72eb08b5d9b442fca0cacb50e114b7d7,201
fdaabdf4214f41ffa552841733c1cf60,439
92a733eab2954ee2a2fd58908695a184,240
e3ca432509d742d4a1a10a7615382fa7,372
e2bfeb2d0d5f431e9322a2904955a5ae,335
7903f2a17b524048a67ddbc408a4ca0a,222
620441a2b5b24399a6e8d280ff51be03,91
696ee2a197a54f6292cc3546aa50cd53,78
466f7d8f57644395934d1cfb5ad151a1,277
ca4b962176d244c8adaa41015a3de464,161
